x,217,221,225,229,233,237,241,245,249,APAR_213.1,APAR_214.2,APAR_215.3,APAR_216.4,APAR_217.5,APAR_218.6,APAR_219.7,APAR_220.8,APAR_221.9,APAR_222.10,APAR_223.11,APAR_224.12,APAR_225.13,APAR_226.14,APAR_227.15,APAR_228.16,APAR_229.17,APAR_230.18,APAR_231.19,FIF_203.3,FIF_204.4,FIF_205.5,FIF_206.6,FIF_207.7,APAR_16.16,APAR_17.17,APAR_18.18
2019-01-12--00:53:48,NaN,NaN,NaN,NaN,NaN,NaN,NaN,NaN,NaN,19.3,18.8,17.5,11.5,6.4,18.3,17.3,14.9,10.1,4.8,29.0,24.3,20.6,26.7,21.3,17.7,26.0,18.5,9.8,22.7,25.8,24.1,24.3,23.3,8.0,10.9,13.8
2019-01-12--00:57:24,NaN,NaN,NaN,NaN,NaN,NaN,NaN,NaN,NaN,19.3,18.8,17.5,11.5,6.5,18.3,17.3,14.9,10.1,4.9,29.0,24.4,20.6,26.7,21.3,17.7,26.0,18.5,9.9,22.7,25.8,24.1,24.3,23.3,7.9,10.9,13.8
2019-01-12--01:01:00,NaN,NaN,NaN,NaN,NaN,NaN,NaN,NaN,NaN,19.3,18.8,17.5,11.5,6.5,18.3,17.3,14.9,10.1,4.9,29.0,24.4,20.6,26.7,21.3,17.7,26.0,18.5,9.9,22.7,25.8,24.1,24.3,23.3,7.9,10.9,13.8
2019-01-12--01:04:36,NaN,NaN,NaN,NaN,NaN,NaN,NaN,NaN,NaN,19.3,18.8,17.5,11.5,6.5,18.4,17.3,14.9,10.1,4.9,29.0,24.4,20.7,26.7,21.3,17.7,26.0,18.5,9.9,22.7,25.8,24.1,24.3,23.3,7.9,10.9,13.8
2019-01-12--01:08:12,NaN,NaN,NaN,NaN,NaN,NaN,NaN,NaN,NaN,19.3,18.8,17.5,11.5,6.5,18.4,17.3,14.9,10.1,4.9,29.0,24.4,20.7,26.7,21.3,17.7,26.0,18.5,9.9,22.7,25.8,24.1,24.3,23.3,7.9,10.9,13.8
2019-01-12--01:11:48,NaN,NaN,NaN,NaN,NaN,NaN,NaN,NaN,NaN,19.3,18.8,17.5,11.5,6.5,18.4,17.3,14.9,10.1,4.9,29.0,24.4,20.7,26.7,21.3,17.7,26.0,18.5,9.9,22.7,25.8,24.1,24.3,23.3,7.9,10.9,13.8
2019-01-12--01:15:24,NaN,NaN,NaN,NaN,NaN,NaN,NaN,NaN,NaN,19.3,18.8,17.5,11.5,6.5,18.4,17.3,15.0,10.2,5.0,29.0,24.4,20.7,26.7,21.3,17.7,26.1,18.5,9.9,22.7,25.8,24.2,24.3,23.3,7.9,10.9,13.8
2019-01-12--01:19:00,NaN,NaN,NaN,NaN,NaN,NaN,NaN,NaN,NaN,19.3,18.8,17.5,11.5,6.5,18.4,17.3,15.0,10.2,5.0,29.0,24.4,20.7,26.7,21.3,17.7,26.1,18.5,9.9,22.7,25.8,24.2,24.3,23.3,7.9,10.9,13.8
2019-01-12--01:22:36,NaN,NaN,NaN,NaN,NaN,NaN,NaN,NaN,NaN,19.3,18.8,17.5,11.5,6.5,18.4,17.3,15.0,10.2,5.0,29.0,24.4,20.7,26.7,21.3,17.7,26.1,18.5,9.9,22.7,25.8,24.2,24.3,23.3,7.9,10.9,13.8
2019-01-12--01:26:12,NaN,NaN,NaN,NaN,NaN,NaN,NaN,NaN,NaN,19.3,18.8,17.5,11.5,6.5,18.4,17.3,15.0,10.2,5.0,29.0,24.4,20.7,26.7,21.3,17.7,26.1,18.5,9.9,22.7,25.8,24.2,24.3,23.3,7.9,10.9,13.8
2019-01-12--01:29:48,NaN,NaN,NaN,NaN,NaN,NaN,NaN,NaN,NaN,19.3,18.8,17.5,11.5,6.5,18.4,17.3,15.0,10.2,5.0,29.0,24.4,20.7,26.7,21.3,17.7,26.1,18.5,9.9,22.7,25.8,24.2,24.3,23.3,7.9,10.9,13.8
2019-01-12--01:33:24,NaN,NaN,NaN,NaN,NaN,NaN,NaN,NaN,NaN,19.3,18.8,17.5,11.5,6.6,18.4,17.3,15.0,10.2,5.0,29.0,24.4,20.7,26.7,21.3,17.6,26.1,18.5,10.0,22.7,25.9,24.2,24.4,23.3,8.0,10.9,13.8
2019-01-12--01:37:00,NaN,NaN,NaN,NaN,NaN,NaN,NaN,NaN,NaN,19.3,18.8,17.5,11.5,6.6,18.4,17.3,15.0,10.2,5.0,29.0,24.4,20.7,26.7,21.3,17.6,26.1,18.5,10.0,22.7,25.9,24.2,24.4,23.3,8.0,10.9,13.8
2019-01-12--01:40:36,NaN,NaN,NaN,NaN,NaN,NaN,NaN,NaN,NaN,19.3,18.8,17.5,11.5,6.6,18.4,17.3,15.0,10.2,5.0,29.0,24.4,20.7,26.7,21.3,17.6,26.1,18.5,10.0,22.7,25.9,24.2,24.4,23.3,8.0,10.9,13.8
2019-01-12--01:44:12,NaN,NaN,NaN,NaN,NaN,NaN,NaN,NaN,NaN,19.3,18.8,17.5,11.5,6.6,18.4,17.3,15.0,10.2,5.0,29.0,24.4,20.7,26.7,21.3,17.6,26.1,18.5,10.0,22.7,25.9,24.2,24.4,23.3,8.0,10.9,13.8
2019-01-12--01:47:48,NaN,NaN,NaN,NaN,NaN,NaN,NaN,NaN,NaN,19.3,18.8,17.5,11.5,6.6,18.4,17.3,15.1,10.2,5.1,29.1,24.4,20.7,26.7,21.3,17.6,26.1,18.5,10.0,22.7,25.9,24.2,24.4,23.4,8.1,10.9,13.8
2019-01-12--01:51:24,NaN,NaN,NaN,NaN,NaN,NaN,NaN,NaN,NaN,19.3,18.8,17.5,11.5,6.6,18.4,17.3,15.1,10.2,5.1,29.1,24.4,20.7,26.7,21.3,17.6,26.1,18.5,10.0,22.7,25.9,24.2,24.4,23.4,8.1,10.9,13.8
2019-01-12--01:55:00,NaN,NaN,NaN,NaN,NaN,NaN,NaN,NaN,NaN,19.3,18.8,17.5,11.5,6.6,18.4,17.3,15.1,10.2,5.1,29.1,24.4,20.7,26.7,21.3,17.6,26.1,18.5,10.0,22.7,25.9,24.2,24.4,23.4,8.1,10.9,13.8
2019-01-12--01:58:36,NaN,NaN,NaN,NaN,NaN,NaN,NaN,NaN,NaN,19.3,18.8,17.5,11.5,6.6,18.4,17.3,15.1,10.2,5.1,29.1,24.4,20.7,26.7,21.3,17.6,26.1,18.5,10.0,22.7,25.9,24.2,24.4,23.4,8.1,10.9,13.8
2019-01-12--02:02:12,NaN,NaN,NaN,NaN,NaN,NaN,NaN,NaN,NaN,19.3,18.8,17.5,11.5,6.6,18.4,17.3,15.1,10.2,5.1,29.1,24.4,20.7,26.7,21.3,17.7,26.1,18.6,10.0,22.7,25.9,24.2,24.4,23.3,8.1,10.9,13.8
2019-01-12--02:05:48,NaN,NaN,NaN,NaN,NaN,NaN,NaN,NaN,NaN,19.3,18.8,17.5,11.5,6.6,18.4,17.3,15.1,10.2,5.1,29.1,24.4,20.7,26.7,21.3,17.7,26.1,18.6,10.0,22.7,25.9,24.2,24.4,23.3,8.1,10.9,13.8
2019-01-12--02:09:24,NaN,NaN,NaN,NaN,NaN,NaN,NaN,NaN,NaN,19.3,18.8,17.5,11.5,6.6,18.4,17.3,15.1,10.2,5.1,29.1,24.4,20.7,26.7,21.3,17.7,26.1,18.6,10.0,22.7,25.9,24.2,24.4,23.3,8.1,10.9,13.8
2019-01-12--02:13:00,NaN,NaN,NaN,NaN,NaN,NaN,NaN,NaN,NaN,19.3,18.8,17.5,11.5,6.6,18.4,17.3,15.1,10.2,5.1,29.1,24.4,20.7,26.7,21.3,17.7,26.1,18.6,10.0,22.7,25.9,24.2,24.4,23.3,8.1,10.9,13.8
2019-01-12--02:16:36,NaN,NaN,NaN,NaN,NaN,NaN,NaN,NaN,NaN,19.3,18.8,17.5,11.5,6.7,18.4,17.4,15.1,10.3,5.2,29.1,24.4,20.7,26.7,21.3,17.6,26.1,18.6,10.1,22.7,25.9,24.2,24.4,23.3,8.1,10.9,13.8
2019-01-12--02:20:12,NaN,NaN,NaN,NaN,NaN,NaN,NaN,NaN,NaN,19.3,18.8,17.5,11.5,6.7,18.4,17.4,15.1,10.3,5.2,29.1,24.4,20.7,26.7,21.3,17.6,26.1,18.6,10.1,22.7,25.9,24.2,24.4,23.3,8.1,10.9,13.8
2019-01-12--02:23:48,NaN,NaN,NaN,NaN,NaN,NaN,NaN,NaN,NaN,19.3,18.8,17.5,11.5,6.7,18.4,17.4,15.1,10.3,5.2,29.1,24.4,20.7,26.7,21.3,17.6,26.1,18.6,10.1,22.7,25.9,24.2,24.4,23.3,8.1,10.9,13.8
2019-01-12--02:27:24,NaN,NaN,NaN,NaN,NaN,NaN,NaN,NaN,NaN,19.3,18.8,17.5,11.5,6.7,18.4,17.4,15.1,10.3,5.2,29.1,24.4,20.7,26.7,21.3,17.6,26.1,18.6,10.1,22.7,25.9,24.2,24.4,23.3,8.1,10.9,13.8
2019-01-12--02:31:00,NaN,NaN,NaN,NaN,NaN,NaN,NaN,NaN,NaN,19.3,18.8,17.5,11.6,6.7,18.5,17.4,15.2,10.3,5.3,29.0,24.5,20.7,26.7,21.3,17.7,26.1,18.6,10.1,22.7,25.9,24.2,24.5,23.4,8.1,10.9,13.8
2019-01-12--02:34:36,NaN,NaN,NaN,NaN,NaN,NaN,NaN,NaN,NaN,19.3,18.8,17.5,11.6,6.7,18.5,17.4,15.2,10.3,5.3,29.0,24.5,20.7,26.7,21.3,17.7,26.1,18.6,10.1,22.7,25.9,24.2,24.5,23.4,8.1,10.9,13.8
2019-01-12--02:38:12,NaN,NaN,NaN,NaN,NaN,NaN,NaN,NaN,NaN,19.3,18.8,17.5,11.6,6.7,18.5,17.4,15.2,10.3,5.3,29.0,24.5,20.7,26.7,21.3,17.7,26.1,18.6,10.1,22.7,25.9,24.2,24.5,23.4,8.1,10.9,13.8
2019-01-12--02:41:48,NaN,NaN,NaN,NaN,NaN,NaN,NaN,NaN,NaN,19.3,18.8,17.5,11.6,6.7,18.5,17.4,15.2,10.3,5.3,29.0,24.5,20.7,26.7,21.3,17.7,26.1,18.6,10.1,22.7,25.9,24.2,24.5,23.4,8.1,10.9,13.8
2019-01-12--02:45:24,NaN,NaN,NaN,NaN,NaN,NaN,NaN,NaN,NaN,19.3,18.8,17.5,11.6,6.8,18.5,17.4,15.2,10.3,5.3,29.0,24.5,20.7,26.7,21.3,17.7,26.1,18.6,10.1,22.7,25.9,24.2,24.5,23.4,8.1,10.9,13.8
2019-01-12--02:49:00,NaN,NaN,NaN,NaN,NaN,NaN,NaN,NaN,NaN,19.3,18.8,17.5,11.6,6.8,18.5,17.4,15.2,10.3,5.3,29.0,24.5,20.7,26.7,21.3,17.7,26.1,18.6,10.1,22.7,25.9,24.2,24.5,23.4,8.2,10.9,13.8
2019-01-12--02:52:36,NaN,NaN,NaN,NaN,NaN,NaN,NaN,NaN,NaN,19.3,18.8,17.5,11.6,6.8,18.5,17.4,15.2,10.3,5.3,29.0,24.5,20.7,26.7,21.3,17.7,26.1,18.6,10.1,22.7,25.9,24.2,24.5,23.4,8.2,10.9,13.8
2019-01-12--02:56:12,NaN,NaN,NaN,NaN,NaN,NaN,NaN,NaN,NaN,19.3,18.8,17.5,11.6,6.8,18.5,17.4,15.2,10.3,5.3,29.0,24.5,20.7,26.7,21.3,17.7,26.1,18.6,10.1,22.7,25.9,24.2,24.5,23.4,8.2,10.9,13.8
2019-01-12--02:59:48,NaN,NaN,NaN,NaN,NaN,NaN,NaN,NaN,NaN,19.3,18.8,17.5,11.6,6.8,18.5,17.4,15.2,10.3,5.3,29.0,24.5,20.7,26.7,21.3,17.7,26.1,18.6,10.1,22.7,25.9,24.2,24.5,23.4,8.2,10.9,13.8
2019-01-12--03:03:24,NaN,NaN,NaN,NaN,NaN,NaN,NaN,NaN,NaN,19.3,18.8,17.6,11.6,6.8,18.5,17.4,15.2,10.4,5.4,29.0,24.5,20.7,26.7,21.3,17.7,26.1,18.6,10.2,22.7,25.9,24.2,24.5,23.4,8.3,10.9,13.8
2019-01-12--03:07:00,NaN,NaN,NaN,NaN,NaN,NaN,NaN,NaN,NaN,19.3,18.8,17.6,11.6,6.8,18.5,17.4,15.2,10.4,5.4,29.0,24.5,20.7,26.7,21.3,17.7,26.1,18.6,10.2,22.7,25.9,24.2,24.5,23.4,8.3,10.9,13.8
2019-01-12--03:10:36,NaN,NaN,NaN,NaN,NaN,NaN,NaN,NaN,NaN,19.3,18.8,17.6,11.6,6.8,18.5,17.4,15.2,10.4,5.4,29.0,24.5,20.7,26.7,21.3,17.7,26.1,18.6,10.2,22.7,25.9,24.2,24.5,23.4,8.3,10.9,13.8
2019-01-12--03:14:12,NaN,NaN,NaN,NaN,NaN,NaN,NaN,NaN,NaN,19.3,18.8,17.6,11.6,6.8,18.5,17.4,15.2,10.4,5.4,29.0,24.5,20.7,26.7,21.3,17.7,26.1,18.6,10.2,22.7,25.9,24.2,24.5,23.4,8.3,10.9,13.8
2019-01-12--03:17:48,NaN,NaN,NaN,NaN,NaN,NaN,NaN,NaN,NaN,19.3,18.8,17.6,11.6,6.9,18.5,17.4,15.2,10.4,5.4,28.9,24.5,20.7,26.7,21.3,17.6,26.1,18.6,10.2,22.8,25.9,24.2,24.5,23.4,8.4,10.9,13.8
2019-01-12--03:21:24,NaN,NaN,NaN,NaN,NaN,NaN,NaN,NaN,NaN,19.3,18.8,17.6,11.6,6.9,18.5,17.4,15.2,10.4,5.4,28.9,24.5,20.7,26.7,21.3,17.6,26.1,18.6,10.2,22.8,25.9,24.2,24.5,23.4,8.4,10.9,13.8
2019-01-12--03:25:00,NaN,NaN,NaN,NaN,NaN,NaN,NaN,NaN,NaN,19.3,18.8,17.6,11.6,6.9,18.5,17.4,15.2,10.4,5.4,28.9,24.5,20.7,26.7,21.3,17.6,26.1,18.6,10.2,22.8,25.9,24.2,24.5,23.4,8.4,10.9,13.8
2019-01-12--03:28:36,NaN,NaN,NaN,NaN,NaN,NaN,NaN,NaN,NaN,19.3,18.8,17.6,11.6,6.9,18.5,17.4,15.2,10.4,5.4,28.9,24.5,20.7,26.7,21.3,17.6,26.1,18.6,10.2,22.8,25.9,24.2,24.5,23.4,8.4,10.9,13.8
2019-01-12--03:32:12,NaN,NaN,NaN,NaN,NaN,NaN,NaN,NaN,NaN,19.3,18.8,17.6,11.6,6.9,18.5,17.4,15.2,10.4,5.5,28.9,24.5,20.7,26.7,21.3,17.6,26.1,18.6,10.2,22.8,26.0,24.2,24.5,23.4,8.4,10.9,13.8
2019-01-12--03:35:48,NaN,NaN,NaN,NaN,NaN,NaN,NaN,NaN,NaN,19.3,18.8,17.6,11.6,6.9,18.5,17.4,15.2,10.4,5.5,28.9,24.5,20.7,26.7,21.3,17.6,26.1,18.6,10.2,22.8,26.0,24.2,24.5,23.4,8.4,10.9,13.8
2019-01-12--03:39:24,NaN,NaN,NaN,NaN,NaN,NaN,NaN,NaN,NaN,19.3,18.8,17.6,11.6,6.9,18.5,17.4,15.2,10.4,5.5,28.9,24.5,20.7,26.7,21.3,17.6,26.1,18.6,10.2,22.8,26.0,24.2,24.5,23.4,8.4,10.9,13.8
2019-01-12--03:43:00,NaN,NaN,NaN,NaN,NaN,NaN,NaN,NaN,NaN,19.3,18.8,17.6,11.6,6.9,18.5,17.4,15.2,10.4,5.5,28.9,24.5,20.7,26.7,21.3,17.6,26.1,18.6,10.2,22.8,26.0,24.2,24.5,23.4,8.4,10.9,13.8
2019-01-12--03:46:36,NaN,NaN,NaN,NaN,NaN,NaN,NaN,NaN,NaN,19.3,18.8,17.6,11.6,6.9,18.5,17.4,15.2,10.5,5.5,28.9,24.5,20.7,26.7,21.3,17.7,26.1,18.7,10.3,22.8,26.0,24.2,24.5,23.4,8.3,10.9,13.8
2019-01-12--03:50:12,NaN,NaN,NaN,NaN,NaN,NaN,NaN,NaN,NaN,19.3,18.8,17.6,11.6,6.9,18.5,17.4,15.2,10.5,5.5,28.9,24.5,20.7,26.7,21.3,17.7,26.1,18.7,10.3,22.8,26.0,24.2,24.5,23.4,8.3,10.9,13.8
2019-01-12--03:53:48,NaN,NaN,NaN,NaN,NaN,NaN,NaN,NaN,NaN,19.3,18.8,17.6,11.6,6.9,18.5,17.4,15.2,10.5,5.5,28.9,24.5,20.7,26.7,21.3,17.7,26.1,18.7,10.3,22.8,26.0,24.2,24.5,23.4,8.3,10.9,13.8
2019-01-12--03:57:24,NaN,NaN,NaN,NaN,NaN,NaN,NaN,NaN,NaN,19.3,18.8,17.6,11.6,6.9,18.5,17.4,15.2,10.5,5.5,28.9,24.5,20.7,26.7,21.3,17.7,26.1,18.7,10.3,22.8,26.0,24.2,24.5,23.4,8.3,10.9,13.8
2019-01-12--04:01:00,NaN,NaN,NaN,NaN,NaN,NaN,NaN,NaN,NaN,19.3,18.8,17.6,11.6,7.0,18.5,17.5,15.2,10.5,5.6,28.9,24.5,20.8,26.7,21.3,17.6,26.1,18.7,10.3,22.9,26.0,24.2,24.5,23.4,8.5,10.9,13.8
2019-01-12--04:04:36,NaN,NaN,NaN,NaN,NaN,NaN,NaN,NaN,NaN,19.3,18.8,17.6,11.6,7.0,18.5,17.5,15.2,10.5,5.6,28.9,24.5,20.8,26.7,21.3,17.6,26.1,18.7,10.3,22.9,26.0,24.2,24.5,23.4,8.5,10.9,13.8
2019-01-12--04:08:12,NaN,NaN,NaN,NaN,NaN,NaN,NaN,NaN,NaN,19.3,18.8,17.6,11.6,7.0,18.5,17.5,15.2,10.5,5.6,28.9,24.5,20.8,26.7,21.3,17.6,26.1,18.7,10.3,22.9,26.0,24.2,24.5,23.4,8.5,10.9,13.8
2019-01-12--04:11:48,NaN,NaN,NaN,NaN,NaN,NaN,NaN,NaN,NaN,19.3,18.8,17.6,11.6,7.0,18.5,17.5,15.2,10.5,5.6,28.9,24.5,20.8,26.7,21.3,17.6,26.1,18.7,10.3,22.9,26.0,24.2,24.5,23.4,8.5,10.9,13.8
2019-01-12--04:15:24,NaN,NaN,NaN,NaN,NaN,NaN,NaN,NaN,NaN,19.4,18.8,17.6,11.7,7.0,18.5,17.5,15.2,10.5,5.7,29.0,24.5,20.8,26.7,21.3,17.6,26.1,18.7,10.3,22.9,26.0,24.2,24.5,23.5,8.5,10.9,13.8
2019-01-12--04:19:00,NaN,NaN,NaN,NaN,NaN,NaN,NaN,NaN,NaN,19.4,18.8,17.6,11.7,7.0,18.5,17.5,15.2,10.5,5.7,29.0,24.5,20.8,26.7,21.3,17.6,26.1,18.7,10.3,22.9,26.0,24.2,24.5,23.5,8.5,10.9,13.8
2019-01-12--04:22:36,NaN,NaN,NaN,NaN,NaN,NaN,NaN,NaN,NaN,19.4,18.8,17.6,11.7,7.0,18.5,17.5,15.2,10.5,5.7,29.0,24.5,20.8,26.7,21.3,17.6,26.1,18.7,10.3,22.9,26.0,24.2,24.5,23.5,8.5,10.9,13.8
2019-01-12--04:26:12,NaN,NaN,NaN,NaN,NaN,NaN,NaN,NaN,NaN,19.4,18.8,17.6,11.7,7.0,18.5,17.5,15.2,10.5,5.7,29.0,24.5,20.8,26.7,21.3,17.6,26.1,18.7,10.3,22.9,26.0,24.2,24.5,23.5,8.5,10.9,13.8
2019-01-12--04:29:48,NaN,NaN,NaN,NaN,NaN,NaN,NaN,NaN,NaN,19.4,18.8,17.6,11.7,7.0,18.5,17.5,15.2,10.5,5.7,29.0,24.5,20.8,26.7,21.3,17.6,26.1,18.7,10.3,22.9,26.0,24.2,24.5,23.5,8.5,10.9,13.8
2019-01-12--04:33:24,NaN,NaN,NaN,NaN,NaN,NaN,NaN,NaN,NaN,19.4,18.8,17.6,11.7,7.1,18.5,17.5,15.2,10.5,5.7,29.0,24.5,20.8,26.7,21.3,17.6,26.1,18.7,10.4,22.9,26.0,24.3,24.5,23.5,8.4,10.9,13.8
2019-01-12--04:37:00,NaN,NaN,NaN,NaN,NaN,NaN,NaN,NaN,NaN,19.4,18.8,17.6,11.7,7.1,18.5,17.5,15.2,10.5,5.7,29.0,24.5,20.8,26.7,21.3,17.6,26.1,18.7,10.4,22.9,26.0,24.3,24.5,23.5,8.4,10.9,13.8
2019-01-12--04:40:36,NaN,NaN,NaN,NaN,NaN,NaN,NaN,NaN,NaN,19.4,18.8,17.6,11.7,7.1,18.5,17.5,15.2,10.5,5.7,29.0,24.5,20.8,26.7,21.3,17.6,26.1,18.7,10.4,22.9,26.0,24.3,24.5,23.5,8.4,10.9,13.8
2019-01-12--04:44:12,NaN,NaN,NaN,NaN,NaN,NaN,NaN,NaN,NaN,19.4,18.8,17.6,11.7,7.1,18.5,17.5,15.2,10.5,5.7,29.0,24.5,20.8,26.7,21.3,17.6,26.1,18.7,10.4,22.9,26.0,24.3,24.5,23.5,8.4,10.9,13.8
2019-01-12--04:47:48,NaN,NaN,NaN,NaN,NaN,NaN,NaN,NaN,NaN,19.4,18.8,17.6,11.7,7.1,18.5,17.5,15.2,10.6,5.8,29.0,24.5,20.8,26.7,21.3,17.7,26.1,18.7,10.4,22.9,26.0,24.3,24.6,23.5,8.4,10.9,13.8
2019-01-12--04:51:24,NaN,NaN,NaN,NaN,NaN,NaN,NaN,NaN,NaN,19.4,18.8,17.6,11.7,7.1,18.5,17.5,15.2,10.6,5.8,29.0,24.5,20.8,26.7,21.3,17.7,26.1,18.7,10.4,22.9,26.0,24.3,24.6,23.5,8.4,10.9,13.8
2019-01-12--04:55:00,NaN,NaN,NaN,NaN,NaN,NaN,NaN,NaN,NaN,19.4,18.8,17.6,11.7,7.1,18.5,17.5,15.2,10.6,5.8,29.0,24.5,20.8,26.7,21.3,17.7,26.1,18.7,10.4,22.9,26.0,24.3,24.6,23.5,8.4,10.9,13.8
2019-01-12--04:58:36,NaN,NaN,NaN,NaN,NaN,NaN,NaN,NaN,NaN,19.4,18.8,17.6,11.7,7.1,18.5,17.5,15.2,10.6,5.8,29.0,24.5,20.8,26.7,21.3,17.7,26.1,18.7,10.4,22.9,26.0,24.3,24.6,23.5,8.4,10.9,13.8
2019-01-12--05:02:12,NaN,NaN,NaN,NaN,NaN,NaN,NaN,NaN,NaN,19.4,18.8,17.6,11.7,7.1,18.5,17.5,15.2,10.6,5.8,29.0,24.5,20.8,26.7,21.3,17.7,26.1,18.7,10.4,22.9,26.0,24.3,24.6,23.5,8.3,10.9,13.8
2019-01-12--05:05:48,NaN,NaN,NaN,NaN,NaN,NaN,NaN,NaN,NaN,19.4,18.8,17.6,11.7,7.1,18.5,17.5,15.2,10.6,5.8,29.0,24.5,20.8,26.7,21.3,17.7,26.1,18.7,10.4,22.9,26.0,24.3,24.6,23.5,8.3,10.9,13.8
2019-01-12--05:09:24,NaN,NaN,NaN,NaN,NaN,NaN,NaN,NaN,NaN,19.4,18.8,17.6,11.7,7.1,18.5,17.5,15.2,10.6,5.8,29.0,24.5,20.8,26.7,21.3,17.7,26.1,18.7,10.4,22.9,26.0,24.3,24.6,23.5,8.3,10.9,13.8
2019-01-12--05:13:00,NaN,NaN,NaN,NaN,NaN,NaN,NaN,NaN,NaN,19.4,18.8,17.6,11.7,7.1,18.5,17.5,15.2,10.6,5.8,29.0,24.5,20.8,26.7,21.3,17.7,26.1,18.7,10.4,22.9,26.0,24.3,24.6,23.5,8.3,10.9,13.8
2019-01-12--05:16:36,NaN,NaN,NaN,NaN,NaN,NaN,NaN,NaN,NaN,19.4,18.8,17.6,11.8,7.2,18.6,17.5,15.2,10.6,5.9,29.0,24.5,20.8,26.7,21.3,17.6,26.2,18.7,10.4,22.9,26.0,24.3,24.6,23.5,8.5,10.9,13.8
2019-01-12--05:20:12,NaN,NaN,NaN,NaN,NaN,NaN,NaN,NaN,NaN,19.4,18.8,17.6,11.8,7.2,18.6,17.5,15.2,10.6,5.9,29.0,24.5,20.8,26.7,21.3,17.6,26.2,18.7,10.4,22.9,26.0,24.3,24.6,23.5,8.5,10.9,13.8
2019-01-12--05:23:48,NaN,NaN,NaN,NaN,NaN,NaN,NaN,NaN,NaN,19.4,18.8,17.6,11.8,7.2,18.6,17.5,15.2,10.6,5.9,29.0,24.5,20.8,26.7,21.3,17.6,26.2,18.7,10.4,22.9,26.0,24.3,24.6,23.5,8.5,10.9,13.8
2019-01-12--05:27:24,NaN,NaN,NaN,NaN,NaN,NaN,NaN,NaN,NaN,19.4,18.8,17.6,11.8,7.2,18.6,17.5,15.2,10.6,5.9,29.0,24.5,20.8,26.7,21.3,17.6,26.2,18.7,10.4,22.9,26.0,24.3,24.6,23.5,8.5,10.9,13.8
2019-01-12--05:31:00,NaN,NaN,NaN,NaN,NaN,NaN,NaN,NaN,NaN,19.4,18.9,17.6,11.8,7.2,18.6,17.5,15.3,10.7,5.9,28.9,24.5,20.8,26.7,21.3,17.7,26.2,18.8,10.5,23.0,26.1,24.3,24.6,23.5,8.5,10.9,13.8
2019-01-12--05:34:36,NaN,NaN,NaN,NaN,NaN,NaN,NaN,NaN,NaN,19.4,18.9,17.6,11.8,7.2,18.6,17.5,15.3,10.7,5.9,28.9,24.5,20.8,26.7,21.3,17.7,26.2,18.8,10.5,23.0,26.1,24.3,24.6,23.5,8.5,10.9,13.8
2019-01-12--05:38:12,NaN,NaN,NaN,NaN,NaN,NaN,NaN,NaN,NaN,19.4,18.9,17.6,11.8,7.2,18.6,17.5,15.3,10.7,5.9,28.9,24.5,20.8,26.7,21.3,17.7,26.2,18.8,10.5,23.0,26.1,24.3,24.6,23.5,8.5,10.9,13.8
2019-01-12--05:41:48,NaN,NaN,NaN,NaN,NaN,NaN,NaN,NaN,NaN,19.4,18.9,17.6,11.8,7.2,18.6,17.5,15.3,10.7,5.9,28.9,24.5,20.8,26.7,21.3,17.7,26.2,18.8,10.5,23.0,26.1,24.3,24.6,23.5,8.5,10.9,13.8
2019-01-12--05:45:24,NaN,NaN,NaN,NaN,NaN,NaN,NaN,NaN,NaN,19.4,18.9,17.6,11.8,7.3,18.6,17.5,15.3,10.7,5.9,29.0,24.5,20.8,26.8,21.3,17.7,26.2,18.8,10.5,23.0,26.0,24.3,24.6,23.6,8.5,10.9,13.8
2019-01-12--05:49:00,NaN,NaN,NaN,NaN,NaN,NaN,NaN,NaN,NaN,19.4,18.9,17.6,11.8,7.3,18.6,17.5,15.3,10.7,5.9,29.0,24.5,20.8,26.8,21.3,17.7,26.2,18.8,10.5,23.0,26.0,24.3,24.6,23.6,8.6,10.9,13.8
2019-01-12--05:52:36,NaN,NaN,NaN,NaN,NaN,NaN,NaN,NaN,NaN,19.4,18.9,17.6,11.8,7.3,18.6,17.5,15.3,10.7,5.9,29.0,24.5,20.8,26.8,21.3,17.7,26.2,18.8,10.5,23.0,26.0,24.3,24.6,23.6,8.6,10.9,13.8
2019-01-12--05:56:12,NaN,NaN,NaN,NaN,NaN,NaN,NaN,NaN,NaN,19.4,18.9,17.6,11.8,7.3,18.6,17.5,15.3,10.7,5.9,29.0,24.5,20.8,26.8,21.3,17.7,26.2,18.8,10.5,23.0,26.0,24.3,24.6,23.6,8.6,10.9,13.8
2019-01-12--05:59:48,NaN,NaN,NaN,NaN,NaN,NaN,NaN,NaN,NaN,19.4,18.9,17.6,11.8,7.3,18.6,17.5,15.3,10.7,5.9,29.0,24.5,20.8,26.8,21.3,17.7,26.2,18.8,10.5,23.0,26.0,24.3,24.6,23.6,8.6,10.9,13.8
2019-01-12--06:03:24,NaN,NaN,NaN,NaN,NaN,NaN,NaN,NaN,NaN,19.4,18.9,17.6,11.8,7.3,18.6,17.5,15.3,10.7,6.0,29.0,24.5,20.8,26.8,21.3,17.7,26.2,18.8,10.5,23.0,26.1,24.3,24.6,23.6,8.5,10.9,13.8
2019-01-12--06:07:00,NaN,NaN,NaN,NaN,NaN,NaN,NaN,NaN,NaN,19.4,18.9,17.6,11.8,7.3,18.6,17.5,15.3,10.7,6.0,29.0,24.5,20.8,26.8,21.3,17.7,26.2,18.8,10.5,23.0,26.1,24.3,24.6,23.6,8.5,10.9,13.8
2019-01-12--06:10:36,NaN,NaN,NaN,NaN,NaN,NaN,NaN,NaN,NaN,19.4,18.9,17.6,11.8,7.3,18.6,17.5,15.3,10.7,6.0,29.0,24.5,20.8,26.8,21.3,17.7,26.2,18.8,10.5,23.0,26.1,24.3,24.6,23.6,8.5,10.9,13.8
2019-01-12--06:14:12,NaN,NaN,NaN,NaN,NaN,NaN,NaN,NaN,NaN,19.4,18.9,17.6,11.8,7.3,18.6,17.5,15.3,10.7,6.0,29.0,24.5,20.8,26.8,21.3,17.7,26.2,18.8,10.5,23.0,26.1,24.3,24.6,23.6,8.5,10.9,13.8
2019-01-12--06:17:48,NaN,NaN,NaN,NaN,NaN,NaN,NaN,NaN,NaN,19.4,18.9,17.6,11.9,7.3,18.6,17.5,15.3,10.7,6.0,29.0,24.5,20.8,26.8,21.3,17.7,26.2,18.8,10.6,23.0,26.1,24.3,24.7,23.6,8.5,10.9,13.8
2019-01-12--06:21:24,NaN,NaN,NaN,NaN,NaN,NaN,NaN,NaN,NaN,19.4,18.9,17.6,11.9,7.3,18.6,17.5,15.3,10.7,6.0,29.0,24.5,20.8,26.8,21.3,17.7,26.2,18.8,10.6,23.0,26.1,24.3,24.7,23.6,8.5,10.9,13.8
2019-01-12--06:25:00,NaN,NaN,NaN,NaN,NaN,NaN,NaN,NaN,NaN,19.4,18.9,17.6,11.9,7.3,18.6,17.5,15.3,10.7,6.0,29.0,24.5,20.8,26.8,21.3,17.7,26.2,18.8,10.6,23.0,26.1,24.3,24.7,23.6,8.5,10.9,13.8
2019-01-12--06:28:36,NaN,NaN,NaN,NaN,NaN,NaN,NaN,NaN,NaN,19.4,18.9,17.6,11.9,7.3,18.6,17.5,15.3,10.7,6.0,29.0,24.5,20.8,26.8,21.3,17.7,26.2,18.8,10.6,23.0,26.1,24.3,24.7,23.6,8.5,10.9,13.8
2019-01-12--06:32:12,NaN,NaN,NaN,NaN,NaN,NaN,NaN,NaN,NaN,19.4,18.9,17.6,11.9,7.4,18.6,17.6,15.3,10.8,6.1,29.0,24.5,20.8,26.8,21.3,17.7,26.2,18.8,10.6,23.0,26.1,24.3,24.7,23.6,8.5,10.9,13.8
2019-01-12--06:35:48,NaN,NaN,NaN,NaN,NaN,NaN,NaN,NaN,NaN,19.4,18.9,17.6,11.9,7.4,18.6,17.6,15.3,10.8,6.1,29.0,24.5,20.8,26.8,21.3,17.7,26.2,18.8,10.6,23.0,26.1,24.3,24.7,23.6,8.5,10.9,13.8
2019-01-12--06:39:24,NaN,NaN,NaN,NaN,NaN,NaN,NaN,NaN,NaN,19.4,18.9,17.6,11.9,7.4,18.6,17.6,15.3,10.8,6.1,29.0,24.5,20.8,26.8,21.3,17.7,26.2,18.8,10.6,23.0,26.1,24.3,24.7,23.6,8.5,10.9,13.8
2019-01-12--06:43:00,NaN,NaN,NaN,NaN,NaN,NaN,NaN,NaN,NaN,19.4,18.9,17.6,11.9,7.4,18.6,17.6,15.3,10.8,6.1,29.0,24.5,20.8,26.8,21.3,17.7,26.2,18.8,10.6,23.0,26.1,24.3,24.7,23.6,8.5,10.9,13.8
2019-01-12--06:46:36,NaN,NaN,NaN,NaN,NaN,NaN,NaN,NaN,NaN,19.4,18.9,17.6,11.9,7.4,18.6,17.6,15.4,10.8,6.1,29.0,24.5,20.8,26.8,21.3,17.7,26.3,18.8,10.6,23.1,26.1,24.4,24.7,23.6,8.6,10.9,13.8
2019-01-12--06:50:12,NaN,NaN,NaN,NaN,NaN,NaN,NaN,NaN,NaN,19.4,18.9,17.6,11.9,7.4,18.6,17.6,15.4,10.8,6.1,29.0,24.5,20.8,26.8,21.3,17.7,26.3,18.8,10.6,23.1,26.1,24.4,24.7,23.6,8.6,10.9,13.8
2019-01-12--06:53:48,NaN,NaN,NaN,NaN,NaN,NaN,NaN,NaN,NaN,19.4,18.9,17.6,11.9,7.4,18.6,17.6,15.4,10.8,6.1,29.0,24.5,20.8,26.8,21.3,17.7,26.3,18.8,10.6,23.1,26.1,24.4,24.7,23.6,8.6,10.9,13.8
2019-01-12--06:57:24,NaN,NaN,NaN,NaN,NaN,NaN,NaN,NaN,NaN,19.4,18.9,17.6,11.9,7.4,18.6,17.6,15.4,10.8,6.1,29.0,24.5,20.8,26.8,21.3,17.7,26.3,18.8,10.6,23.1,26.1,24.4,24.7,23.6,8.6,10.9,13.8
2019-01-12--07:01:00,NaN,NaN,NaN,NaN,NaN,NaN,NaN,NaN,NaN,19.5,18.9,17.6,11.9,7.4,18.7,17.6,15.4,10.8,6.1,29.0,24.5,20.8,26.9,21.3,17.7,26.3,18.9,10.6,23.1,26.2,24.4,24.7,23.6,8.7,10.9,13.8
2019-01-12--07:04:36,NaN,NaN,NaN,NaN,NaN,NaN,NaN,NaN,NaN,19.5,18.9,17.6,11.9,7.4,18.7,17.6,15.4,10.8,6.1,29.0,24.5,20.8,26.9,21.3,17.7,26.3,18.9,10.6,23.1,26.2,24.4,24.7,23.6,8.7,10.9,13.8
2019-01-12--07:08:12,NaN,NaN,NaN,NaN,NaN,NaN,NaN,NaN,NaN,19.5,18.9,17.6,11.9,7.4,18.7,17.6,15.4,10.8,6.1,29.0,24.5,20.8,26.9,21.3,17.7,26.3,18.9,10.6,23.1,26.2,24.4,24.7,23.6,8.7,10.9,13.8
2019-01-12--07:11:48,NaN,NaN,NaN,NaN,NaN,NaN,NaN,NaN,NaN,19.5,18.9,17.6,11.9,7.4,18.7,17.6,15.4,10.8,6.1,29.0,24.5,20.8,26.9,21.3,17.7,26.3,18.9,10.6,23.1,26.2,24.4,24.7,23.6,8.7,10.9,13.8
2019-01-12--07:15:24,NaN,NaN,NaN,NaN,NaN,NaN,NaN,NaN,NaN,19.5,18.9,17.7,12.0,7.5,18.7,17.6,15.4,10.8,6.2,29.0,24.5,20.8,26.9,21.3,17.7,26.3,18.9,10.7,23.1,26.2,24.4,24.8,23.6,8.7,10.9,13.8
2019-01-12--07:19:00,NaN,NaN,NaN,NaN,NaN,NaN,NaN,NaN,NaN,19.5,18.9,17.7,12.0,7.5,18.7,17.6,15.4,10.8,6.2,29.0,24.5,20.8,26.9,21.3,17.7,26.3,18.9,10.7,23.1,26.2,24.4,24.8,23.6,8.7,10.9,13.8
2019-01-12--07:22:36,NaN,NaN,NaN,NaN,NaN,NaN,NaN,NaN,NaN,19.5,18.9,17.7,12.0,7.5,18.7,17.6,15.4,10.8,6.2,29.0,24.5,20.8,26.9,21.3,17.7,26.3,18.9,10.7,23.1,26.2,24.4,24.8,23.6,8.7,10.9,13.8
2019-01-12--07:26:12,NaN,NaN,NaN,NaN,NaN,NaN,NaN,NaN,NaN,19.5,18.9,17.7,12.0,7.5,18.7,17.6,15.4,10.8,6.2,29.0,24.5,20.8,26.9,21.3,17.7,26.3,18.9,10.7,23.1,26.2,24.4,24.8,23.6,8.7,10.9,13.8
2019-01-12--07:29:48,NaN,NaN,NaN,NaN,NaN,NaN,NaN,NaN,NaN,19.5,18.9,17.7,12.0,7.5,18.7,17.6,15.4,10.8,6.2,29.0,24.5,20.8,26.9,21.3,17.7,26.3,18.9,10.7,23.1,26.2,24.4,24.8,23.6,8.7,10.9,13.8
2019-01-12--07:33:24,NaN,NaN,NaN,NaN,NaN,NaN,NaN,NaN,NaN,19.5,18.9,17.7,12.0,7.5,18.7,17.6,15.4,10.9,6.2,29.1,24.5,20.8,26.9,21.3,17.7,26.3,18.9,10.7,23.2,26.2,24.5,24.8,23.7,8.7,10.9,13.8
2019-01-12--07:37:00,NaN,NaN,NaN,NaN,NaN,NaN,NaN,NaN,NaN,19.5,18.9,17.7,12.0,7.5,18.7,17.6,15.4,10.9,6.2,29.1,24.5,20.8,26.9,21.3,17.7,26.3,18.9,10.7,23.2,26.2,24.5,24.8,23.7,8.7,10.9,13.8
2019-01-12--07:40:36,NaN,NaN,NaN,NaN,NaN,NaN,NaN,NaN,NaN,19.5,18.9,17.7,12.0,7.5,18.7,17.6,15.4,10.9,6.2,29.1,24.5,20.8,26.9,21.3,17.7,26.3,18.9,10.7,23.2,26.2,24.5,24.8,23.7,8.7,10.9,13.8
2019-01-12--07:44:12,NaN,NaN,NaN,NaN,NaN,NaN,NaN,NaN,NaN,19.5,18.9,17.7,12.0,7.5,18.7,17.6,15.4,10.9,6.2,29.1,24.5,20.8,26.9,21.3,17.7,26.3,18.9,10.7,23.2,26.2,24.5,24.8,23.7,8.7,10.9,13.8
2019-01-12--07:47:48,NaN,NaN,NaN,NaN,NaN,NaN,NaN,NaN,NaN,19.5,18.9,17.7,12.0,7.5,18.7,17.7,15.4,10.9,6.2,29.1,24.5,20.8,26.9,21.4,17.7,26.4,18.9,10.7,23.2,26.3,24.5,24.9,23.7,8.7,10.9,13.8
2019-01-12--07:51:24,NaN,NaN,NaN,NaN,NaN,NaN,NaN,NaN,NaN,19.5,18.9,17.7,12.0,7.5,18.7,17.7,15.4,10.9,6.2,29.1,24.5,20.8,26.9,21.4,17.7,26.4,18.9,10.7,23.2,26.3,24.5,24.9,23.7,8.7,10.9,13.8
2019-01-12--07:55:00,NaN,NaN,NaN,NaN,NaN,NaN,NaN,NaN,NaN,19.5,18.9,17.7,12.0,7.5,18.7,17.7,15.4,10.9,6.2,29.1,24.5,20.8,26.9,21.4,17.7,26.4,18.9,10.7,23.2,26.3,24.5,24.9,23.7,8.7,10.9,13.8
2019-01-12--07:58:36,NaN,NaN,NaN,NaN,NaN,NaN,NaN,NaN,NaN,19.5,18.9,17.7,12.0,7.5,18.7,17.7,15.4,10.9,6.2,29.1,24.5,20.8,26.9,21.4,17.7,26.4,18.9,10.7,23.2,26.3,24.5,24.9,23.7,8.7,10.9,13.8
2019-01-12--08:02:12,NaN,NaN,NaN,NaN,NaN,NaN,NaN,NaN,NaN,19.5,19.0,17.7,12.0,7.6,18.7,17.7,15.5,10.9,6.3,29.1,24.5,20.8,27.0,21.4,17.7,26.4,18.9,10.7,23.3,26.3,24.6,24.9,23.8,8.7,10.9,13.8
2019-01-12--08:05:48,NaN,NaN,NaN,NaN,NaN,NaN,NaN,NaN,NaN,19.5,19.0,17.7,12.0,7.6,18.7,17.7,15.5,10.9,6.3,29.1,24.5,20.8,27.0,21.4,17.7,26.4,18.9,10.7,23.3,26.3,24.6,24.9,23.8,8.7,10.9,13.8
2019-01-12--08:09:24,NaN,NaN,NaN,NaN,NaN,NaN,NaN,NaN,NaN,19.5,19.0,17.7,12.0,7.6,18.7,17.7,15.5,10.9,6.3,29.1,24.5,20.8,27.0,21.4,17.7,26.4,18.9,10.7,23.3,26.3,24.6,24.9,23.8,8.7,10.9,13.8
2019-01-12--08:13:00,NaN,NaN,NaN,NaN,NaN,NaN,NaN,NaN,NaN,19.5,19.0,17.7,12.0,7.6,18.7,17.7,15.5,10.9,6.3,29.1,24.5,20.8,27.0,21.4,17.7,26.4,18.9,10.7,23.3,26.3,24.6,24.9,23.8,8.7,10.9,13.8
2019-01-12--08:16:36,NaN,NaN,NaN,NaN,NaN,NaN,NaN,NaN,NaN,19.5,19.0,17.7,12.0,7.6,18.8,17.7,15.5,11.0,6.3,29.2,24.5,20.8,27.0,21.4,17.7,26.4,19.0,10.7,23.3,26.3,24.6,25.0,23.8,8.6,10.9,13.8
2019-01-12--08:20:12,NaN,NaN,NaN,NaN,NaN,NaN,NaN,NaN,NaN,19.5,19.0,17.7,12.0,7.6,18.8,17.7,15.5,11.0,6.3,29.2,24.5,20.8,27.0,21.4,17.7,26.4,19.0,10.7,23.3,26.3,24.6,25.0,23.8,8.6,10.9,13.8
2019-01-12--08:23:48,NaN,NaN,NaN,NaN,NaN,NaN,NaN,NaN,NaN,19.5,19.0,17.7,12.0,7.6,18.8,17.7,15.5,11.0,6.3,29.2,24.5,20.8,27.0,21.4,17.7,26.4,19.0,10.7,23.3,26.3,24.6,25.0,23.8,8.6,10.9,13.8
2019-01-12--08:27:24,NaN,NaN,NaN,NaN,NaN,NaN,NaN,NaN,NaN,19.5,19.0,17.7,12.0,7.6,18.8,17.7,15.5,11.0,6.3,29.2,24.5,20.8,27.0,21.4,17.7,26.4,19.0,10.7,23.3,26.3,24.6,25.0,23.8,8.6,10.9,13.8
2019-01-12--08:31:00,NaN,NaN,NaN,NaN,NaN,NaN,NaN,NaN,NaN,19.6,19.0,17.7,12.1,7.6,18.8,17.7,15.5,11.0,6.4,29.2,24.6,20.8,27.1,21.4,17.7,26.5,19.0,10.8,23.4,26.3,24.6,25.0,23.9,8.7,10.9,13.8
2019-01-12--08:34:36,NaN,NaN,NaN,NaN,NaN,NaN,NaN,NaN,NaN,19.6,19.0,17.7,12.1,7.6,18.8,17.7,15.5,11.0,6.4,29.2,24.6,20.8,27.1,21.4,17.7,26.5,19.0,10.8,23.4,26.3,24.6,25.0,23.9,8.7,10.9,13.8
2019-01-12--08:38:12,NaN,NaN,NaN,NaN,NaN,NaN,NaN,NaN,NaN,19.6,19.0,17.7,12.1,7.6,18.8,17.7,15.5,11.0,6.4,29.2,24.6,20.8,27.1,21.4,17.7,26.5,19.0,10.8,23.4,26.3,24.6,25.0,23.9,8.7,10.9,13.8
2019-01-12--08:41:48,NaN,NaN,NaN,NaN,NaN,NaN,NaN,NaN,NaN,19.6,19.0,17.7,12.1,7.6,18.8,17.7,15.5,11.0,6.4,29.2,24.6,20.8,27.1,21.4,17.7,26.5,19.0,10.8,23.4,26.3,24.6,25.0,23.9,8.7,10.9,13.8
2019-01-12--08:45:24,NaN,NaN,NaN,NaN,NaN,NaN,NaN,NaN,NaN,19.6,19.0,17.7,12.1,7.7,18.8,17.7,15.5,11.0,6.4,29.2,24.6,20.8,27.1,21.4,17.7,26.5,19.0,10.8,23.4,26.3,24.6,25.0,23.9,8.7,10.9,13.8
2019-01-12--08:49:00,NaN,NaN,NaN,NaN,NaN,NaN,NaN,NaN,NaN,19.6,19.0,17.7,12.1,7.7,18.8,17.7,15.5,11.0,6.4,29.2,24.6,20.8,27.1,21.4,17.7,26.5,19.0,10.8,23.5,26.4,24.7,25.0,24.0,8.7,10.9,13.8
2019-01-12--08:52:36,NaN,NaN,NaN,NaN,NaN,NaN,NaN,NaN,NaN,19.6,19.0,17.7,12.1,7.7,18.8,17.7,15.5,11.0,6.4,29.2,24.6,20.8,27.1,21.4,17.7,26.5,19.0,10.8,23.5,26.4,24.7,25.0,24.0,8.7,10.9,13.8
2019-01-12--08:56:12,NaN,NaN,NaN,NaN,NaN,NaN,NaN,NaN,NaN,19.6,19.0,17.7,12.1,7.7,18.8,17.7,15.5,11.0,6.4,29.2,24.6,20.8,27.1,21.4,17.7,26.5,19.0,10.8,23.5,26.4,24.7,25.0,24.0,8.7,10.9,13.8
2019-01-12--08:59:48,NaN,NaN,NaN,NaN,NaN,NaN,NaN,NaN,NaN,19.6,19.0,17.7,12.1,7.7,18.8,17.7,15.5,11.0,6.4,29.2,24.6,20.8,27.1,21.4,17.7,26.5,19.0,10.8,23.5,26.4,24.7,25.0,24.0,8.7,10.9,13.8
2019-01-12--09:03:24,NaN,NaN,NaN,NaN,NaN,NaN,NaN,NaN,NaN,19.6,19.0,17.8,12.1,7.7,18.9,17.8,15.6,11.0,6.4,29.3,24.6,20.8,27.1,21.4,17.7,26.5,19.0,10.8,23.5,26.4,24.7,25.1,24.0,8.8,10.9,13.8
2019-01-12--09:07:00,NaN,NaN,NaN,NaN,NaN,NaN,NaN,NaN,NaN,19.6,19.0,17.8,12.1,7.7,18.9,17.8,15.6,11.0,6.4,29.3,24.6,20.8,27.1,21.4,17.7,26.5,19.0,10.8,23.5,26.4,24.7,25.1,24.0,8.8,10.9,13.8
2019-01-12--09:10:36,NaN,NaN,NaN,NaN,NaN,NaN,NaN,NaN,NaN,19.6,19.0,17.8,12.1,7.7,18.9,17.8,15.6,11.0,6.4,29.3,24.6,20.8,27.1,21.4,17.7,26.5,19.0,10.8,23.5,26.4,24.7,25.1,24.0,8.8,10.9,13.8
2019-01-12--09:14:12,NaN,NaN,NaN,NaN,NaN,NaN,NaN,NaN,NaN,19.6,19.0,17.8,12.1,7.7,18.9,17.8,15.6,11.0,6.4,29.3,24.6,20.8,27.1,21.4,17.7,26.5,19.0,10.8,23.5,26.4,24.7,25.1,24.0,8.8,10.9,13.8
2019-01-12--09:17:48,NaN,NaN,NaN,NaN,NaN,NaN,NaN,NaN,NaN,19.6,19.1,17.8,12.1,7.7,18.9,17.8,15.6,11.1,6.5,29.3,24.6,20.8,27.2,21.4,17.7,26.6,19.1,10.8,23.6,26.4,24.8,25.1,24.2,8.8,10.9,13.8
2019-01-12--09:21:24,NaN,NaN,NaN,NaN,NaN,NaN,NaN,NaN,NaN,19.6,19.1,17.8,12.1,7.7,18.9,17.8,15.6,11.1,6.5,29.3,24.6,20.8,27.2,21.4,17.7,26.6,19.1,10.8,23.6,26.4,24.8,25.1,24.2,8.8,10.9,13.8
2019-01-12--09:25:00,NaN,NaN,NaN,NaN,NaN,NaN,NaN,NaN,NaN,19.6,19.1,17.8,12.1,7.7,18.9,17.8,15.6,11.1,6.5,29.3,24.6,20.8,27.2,21.4,17.7,26.6,19.1,10.8,23.6,26.4,24.8,25.1,24.2,8.8,10.9,13.8
2019-01-12--09:28:36,NaN,NaN,NaN,NaN,NaN,NaN,NaN,NaN,NaN,19.6,19.1,17.8,12.1,7.7,18.9,17.8,15.6,11.1,6.5,29.3,24.6,20.8,27.2,21.4,17.7,26.6,19.1,10.8,23.6,26.4,24.8,25.1,24.2,8.8,10.9,13.8
2019-01-12--09:32:12,NaN,NaN,NaN,NaN,NaN,NaN,NaN,NaN,NaN,19.7,19.1,17.8,12.2,7.8,18.9,17.8,15.6,11.1,6.5,29.4,24.6,20.8,27.2,21.4,17.7,26.7,19.1,10.8,23.6,26.5,24.8,25.1,24.2,8.8,10.9,13.8
2019-01-12--09:35:48,NaN,NaN,NaN,NaN,NaN,NaN,NaN,NaN,NaN,19.7,19.1,17.8,12.2,7.8,18.9,17.8,15.6,11.1,6.5,29.4,24.6,20.8,27.2,21.4,17.7,26.7,19.1,10.8,23.6,26.5,24.8,25.1,24.2,8.8,10.9,13.8
2019-01-12--09:39:24,NaN,NaN,NaN,NaN,NaN,NaN,NaN,NaN,NaN,19.7,19.1,17.8,12.2,7.8,18.9,17.8,15.6,11.1,6.5,29.4,24.6,20.8,27.2,21.4,17.7,26.7,19.1,10.8,23.6,26.5,24.8,25.1,24.2,8.8,10.9,13.8
2019-01-12--09:43:00,NaN,NaN,NaN,NaN,NaN,NaN,NaN,NaN,NaN,19.7,19.1,17.8,12.2,7.8,18.9,17.8,15.6,11.1,6.5,29.4,24.6,20.8,27.2,21.4,17.7,26.7,19.1,10.8,23.6,26.5,24.8,25.1,24.2,8.8,10.9,13.8
2019-01-12--09:46:36,NaN,NaN,NaN,NaN,NaN,NaN,NaN,NaN,NaN,19.7,19.1,17.8,12.2,7.8,19.0,17.9,15.6,11.1,6.6,29.4,24.6,20.8,27.3,21.4,17.7,26.7,19.1,10.9,23.7,26.5,24.8,25.2,24.2,8.8,10.9,13.8
2019-01-12--09:50:12,NaN,NaN,NaN,NaN,NaN,NaN,NaN,NaN,NaN,19.7,19.1,17.8,12.2,7.8,19.0,17.9,15.6,11.1,6.6,29.4,24.6,20.8,27.3,21.4,17.7,26.7,19.1,10.9,23.7,26.5,24.8,25.2,24.2,8.8,10.9,13.8
2019-01-12--09:53:48,NaN,NaN,NaN,NaN,NaN,NaN,NaN,NaN,NaN,19.7,19.1,17.8,12.2,7.8,19.0,17.9,15.6,11.1,6.6,29.4,24.6,20.8,27.3,21.4,17.7,26.7,19.1,10.9,23.7,26.5,24.8,25.2,24.2,8.8,10.9,13.8
2019-01-12--09:57:24,NaN,NaN,NaN,NaN,NaN,NaN,NaN,NaN,NaN,19.7,19.1,17.8,12.2,7.8,19.0,17.9,15.6,11.1,6.6,29.4,24.6,20.8,27.3,21.4,17.7,26.7,19.1,10.9,23.7,26.5,24.8,25.2,24.2,8.8,10.9,13.8
2019-01-12--10:01:00,NaN,NaN,NaN,NaN,NaN,NaN,NaN,NaN,NaN,19.7,19.1,17.8,12.2,7.9,19.0,17.9,15.7,11.2,6.6,29.5,24.6,20.8,27.3,21.4,17.7,26.8,19.1,10.9,23.8,26.6,24.8,25.3,24.3,8.8,10.9,13.8
2019-01-12--10:04:36,NaN,NaN,NaN,NaN,NaN,NaN,NaN,NaN,NaN,19.7,19.1,17.8,12.2,7.9,19.0,17.9,15.7,11.2,6.6,29.5,24.6,20.8,27.3,21.4,17.7,26.8,19.1,10.9,23.8,26.6,24.8,25.3,24.3,8.8,10.9,13.8
2019-01-12--10:08:12,NaN,NaN,NaN,NaN,NaN,NaN,NaN,NaN,NaN,19.7,19.1,17.8,12.2,7.9,19.0,17.9,15.7,11.2,6.6,29.5,24.6,20.8,27.3,21.4,17.7,26.8,19.1,10.9,23.8,26.6,24.8,25.3,24.3,8.8,10.9,13.8
2019-01-12--10:11:48,NaN,NaN,NaN,NaN,NaN,NaN,NaN,NaN,NaN,19.7,19.1,17.8,12.2,7.9,19.0,17.9,15.7,11.2,6.6,29.5,24.6,20.8,27.3,21.4,17.7,26.8,19.1,10.9,23.8,26.6,24.8,25.3,24.3,8.8,10.9,13.8
2019-01-12--10:15:24,NaN,NaN,NaN,NaN,NaN,NaN,NaN,NaN,NaN,19.8,19.2,17.9,12.2,7.9,19.0,17.9,15.7,11.2,6.6,29.5,24.7,20.8,27.4,21.4,17.7,26.8,19.2,10.9,23.8,26.6,24.8,25.3,24.4,8.8,10.9,13.8
2019-01-12--10:19:00,NaN,NaN,NaN,NaN,NaN,NaN,NaN,NaN,NaN,19.8,19.2,17.9,12.2,7.9,19.0,17.9,15.7,11.2,6.6,29.5,24.7,20.8,27.4,21.4,17.7,26.8,19.2,10.9,23.8,26.6,24.8,25.3,24.4,8.8,10.9,13.8
2019-01-12--10:22:36,NaN,NaN,NaN,NaN,NaN,NaN,NaN,NaN,NaN,19.8,19.2,17.9,12.2,7.9,19.0,17.9,15.7,11.2,6.6,29.5,24.7,20.8,27.4,21.4,17.7,26.8,19.2,10.9,23.8,26.6,24.8,25.3,24.4,8.8,10.9,13.8
2019-01-12--10:26:12,NaN,NaN,NaN,NaN,NaN,NaN,NaN,NaN,NaN,19.8,19.2,17.9,12.2,7.9,19.0,17.9,15.7,11.2,6.6,29.5,24.7,20.8,27.4,21.4,17.7,26.8,19.2,10.9,23.8,26.6,24.8,25.3,24.4,8.8,10.9,13.8
2019-01-12--10:29:48,NaN,NaN,NaN,NaN,NaN,NaN,NaN,NaN,NaN,19.8,19.2,17.9,12.2,7.9,19.0,17.9,15.7,11.2,6.6,29.5,24.7,20.8,27.4,21.4,17.7,26.8,19.2,10.9,23.8,26.6,24.8,25.3,24.4,8.8,10.9,13.8
2019-01-12--10:33:24,NaN,NaN,NaN,NaN,NaN,NaN,NaN,NaN,NaN,19.8,19.2,17.9,12.3,8.0,19.1,17.9,15.7,11.2,6.7,29.6,24.7,20.8,27.4,21.5,17.7,26.9,19.2,10.9,23.9,26.7,24.8,25.4,24.5,8.9,10.9,13.8
2019-01-12--10:37:00,NaN,NaN,NaN,NaN,NaN,NaN,NaN,NaN,NaN,19.8,19.2,17.9,12.3,8.0,19.1,17.9,15.7,11.2,6.7,29.6,24.7,20.8,27.4,21.5,17.7,26.9,19.2,10.9,23.9,26.7,24.8,25.4,24.5,8.9,10.9,13.8
2019-01-12--10:40:36,NaN,NaN,NaN,NaN,NaN,NaN,NaN,NaN,NaN,19.8,19.2,17.9,12.3,8.0,19.1,17.9,15.7,11.2,6.7,29.6,24.7,20.8,27.4,21.5,17.7,26.9,19.2,10.9,23.9,26.7,24.8,25.4,24.5,8.9,10.9,13.8
2019-01-12--10:44:12,NaN,NaN,NaN,NaN,NaN,NaN,NaN,NaN,NaN,19.8,19.2,17.9,12.3,8.0,19.1,17.9,15.7,11.2,6.7,29.6,24.7,20.8,27.4,21.5,17.7,26.9,19.2,10.9,23.9,26.7,24.8,25.4,24.5,8.9,10.9,13.8
2019-01-12--10:47:48,NaN,NaN,NaN,NaN,NaN,NaN,NaN,NaN,NaN,19.8,19.2,17.9,12.3,8.0,19.1,18.0,15.7,11.3,6.7,29.7,24.7,20.9,27.5,21.5,17.7,27.0,19.2,10.9,24.0,26.7,24.8,25.4,24.5,8.9,10.9,13.8
2019-01-12--10:51:24,NaN,NaN,NaN,NaN,NaN,NaN,NaN,NaN,NaN,19.8,19.2,17.9,12.3,8.0,19.1,18.0,15.7,11.3,6.7,29.7,24.7,20.9,27.5,21.5,17.7,27.0,19.2,10.9,24.0,26.7,24.8,25.4,24.5,8.9,10.9,13.8
2019-01-12--10:55:00,NaN,NaN,NaN,NaN,NaN,NaN,NaN,NaN,NaN,19.8,19.2,17.9,12.3,8.0,19.1,18.0,15.7,11.3,6.7,29.7,24.7,20.9,27.5,21.5,17.7,27.0,19.2,10.9,24.0,26.7,24.8,25.4,24.5,8.9,10.9,13.8
2019-01-12--10:58:36,NaN,NaN,NaN,NaN,NaN,NaN,NaN,NaN,NaN,19.8,19.2,17.9,12.3,8.0,19.1,18.0,15.7,11.3,6.7,29.7,24.7,20.9,27.5,21.5,17.7,27.0,19.2,10.9,24.0,26.7,24.8,25.4,24.5,8.9,10.9,13.8
2019-01-12--11:02:12,NaN,NaN,NaN,NaN,NaN,NaN,NaN,NaN,NaN,19.9,19.3,17.9,12.3,8.0,19.2,18.0,15.8,11.3,6.8,29.7,24.7,20.9,27.6,21.5,17.7,27.0,19.3,11.0,24.0,26.7,24.8,25.5,24.6,8.9,10.9,13.8
2019-01-12--11:05:48,NaN,NaN,NaN,NaN,NaN,NaN,NaN,NaN,NaN,19.9,19.3,17.9,12.3,8.0,19.2,18.0,15.8,11.3,6.8,29.7,24.7,20.9,27.6,21.5,17.7,27.0,19.3,11.0,24.0,26.7,24.8,25.5,24.6,8.9,10.9,13.8
2019-01-12--11:09:24,NaN,NaN,NaN,NaN,NaN,NaN,NaN,NaN,NaN,19.9,19.3,17.9,12.3,8.0,19.2,18.0,15.8,11.3,6.8,29.7,24.7,20.9,27.6,21.5,17.7,27.0,19.3,11.0,24.0,26.7,24.8,25.5,24.6,8.9,10.9,13.8
2019-01-12--11:13:00,NaN,NaN,NaN,NaN,NaN,NaN,NaN,NaN,NaN,19.9,19.3,17.9,12.3,8.0,19.2,18.0,15.8,11.3,6.8,29.7,24.7,20.9,27.6,21.5,17.7,27.0,19.3,11.0,24.0,26.7,24.8,25.5,24.6,8.9,10.9,13.8
2019-01-12--11:16:36,NaN,NaN,NaN,NaN,NaN,NaN,NaN,NaN,NaN,19.9,19.3,18.0,12.4,8.1,19.2,18.0,15.8,11.3,6.8,29.8,24.7,20.9,27.6,21.5,17.7,27.1,19.3,11.0,24.0,26.8,24.8,25.5,24.7,8.9,10.9,13.8
2019-01-12--11:20:12,NaN,NaN,NaN,NaN,NaN,NaN,NaN,NaN,NaN,19.9,19.3,18.0,12.4,8.1,19.2,18.0,15.8,11.3,6.8,29.8,24.7,20.9,27.6,21.5,17.7,27.1,19.3,11.0,24.0,26.8,24.8,25.5,24.7,8.9,10.9,13.8
2019-01-12--11:23:48,NaN,NaN,NaN,NaN,NaN,NaN,NaN,NaN,NaN,19.9,19.3,18.0,12.4,8.1,19.2,18.0,15.8,11.3,6.8,29.8,24.7,20.9,27.6,21.5,17.7,27.1,19.3,11.0,24.0,26.8,24.8,25.5,24.7,8.9,10.9,13.8
2019-01-12--11:27:24,NaN,NaN,NaN,NaN,NaN,NaN,NaN,NaN,NaN,19.9,19.3,18.0,12.4,8.1,19.2,18.0,15.8,11.3,6.8,29.8,24.7,20.9,27.6,21.5,17.7,27.1,19.3,11.0,24.0,26.8,24.8,25.5,24.7,8.9,10.9,13.8
2019-01-12--11:31:00,NaN,NaN,NaN,NaN,NaN,NaN,NaN,NaN,NaN,19.9,19.3,18.0,12.4,8.1,19.2,18.1,15.8,11.3,6.9,29.8,24.8,20.9,27.7,21.5,17.7,27.1,19.3,11.0,24.1,26.8,24.7,25.6,24.7,8.9,10.9,13.8
2019-01-12--11:34:36,NaN,NaN,NaN,NaN,NaN,NaN,NaN,NaN,NaN,19.9,19.3,18.0,12.4,8.1,19.2,18.1,15.8,11.3,6.9,29.8,24.8,20.9,27.7,21.5,17.7,27.1,19.3,11.0,24.1,26.8,24.7,25.6,24.7,8.9,10.9,13.8
2019-01-12--11:38:12,NaN,NaN,NaN,NaN,NaN,NaN,NaN,NaN,NaN,19.9,19.3,18.0,12.4,8.1,19.2,18.1,15.8,11.3,6.9,29.8,24.8,20.9,27.7,21.5,17.7,27.1,19.3,11.0,24.1,26.8,24.7,25.6,24.7,8.9,10.9,13.8
2019-01-12--11:41:48,NaN,NaN,NaN,NaN,NaN,NaN,NaN,NaN,NaN,19.9,19.3,18.0,12.4,8.1,19.2,18.1,15.8,11.3,6.9,29.8,24.8,20.9,27.7,21.5,17.7,27.1,19.3,11.0,24.1,26.8,24.7,25.6,24.7,8.9,10.9,13.8
2019-01-12--11:45:24,NaN,NaN,NaN,NaN,NaN,NaN,NaN,NaN,NaN,20.0,19.4,18.0,12.4,8.2,19.3,18.1,15.8,11.4,6.9,29.8,24.8,20.9,27.7,21.5,17.7,27.2,19.3,11.0,24.1,26.9,24.8,25.6,24.7,8.9,10.9,13.8
2019-01-12--11:49:00,NaN,NaN,NaN,NaN,NaN,NaN,NaN,NaN,NaN,20.0,19.4,18.0,12.4,8.2,19.3,18.1,15.8,11.4,6.9,29.8,24.8,20.9,27.7,21.5,17.7,27.2,19.3,11.0,24.1,26.9,24.8,25.6,24.7,8.9,10.9,13.8
2019-01-12--11:52:36,NaN,NaN,NaN,NaN,NaN,NaN,NaN,NaN,NaN,20.0,19.4,18.0,12.4,8.2,19.3,18.1,15.8,11.4,6.9,29.8,24.8,20.9,27.7,21.5,17.7,27.2,19.3,11.0,24.1,26.9,24.8,25.6,24.7,8.9,10.9,13.8
2019-01-12--11:56:12,NaN,NaN,NaN,NaN,NaN,NaN,NaN,NaN,NaN,20.0,19.4,18.0,12.4,8.2,19.3,18.1,15.8,11.4,6.9,29.8,24.8,20.9,27.7,21.5,17.7,27.2,19.3,11.0,24.1,26.9,24.8,25.6,24.7,8.9,10.9,13.8
2019-01-12--11:59:48,NaN,NaN,NaN,NaN,NaN,NaN,NaN,NaN,NaN,20.0,19.4,18.0,12.4,8.2,19.3,18.1,15.8,11.4,6.9,29.8,24.8,20.9,27.7,21.5,17.7,27.2,19.3,11.0,24.1,26.9,24.8,25.6,24.7,8.9,10.9,13.8
2019-01-12--12:03:24,NaN,NaN,NaN,NaN,NaN,NaN,NaN,NaN,NaN,20.0,19.4,18.0,12.4,8.2,19.3,18.1,15.9,11.4,6.9,29.9,24.8,20.9,27.8,21.5,17.7,27.3,19.4,11.0,24.1,26.9,24.7,25.7,24.8,8.9,10.9,13.8
2019-01-12--12:07:00,NaN,NaN,NaN,NaN,NaN,NaN,NaN,NaN,NaN,20.0,19.4,18.0,12.4,8.2,19.3,18.1,15.9,11.4,6.9,29.9,24.8,20.9,27.8,21.5,17.7,27.3,19.4,11.0,24.1,26.9,24.7,25.7,24.8,8.9,10.9,13.8
2019-01-12--12:10:36,NaN,NaN,NaN,NaN,NaN,NaN,NaN,NaN,NaN,20.0,19.4,18.0,12.4,8.2,19.3,18.1,15.9,11.4,6.9,29.9,24.8,20.9,27.8,21.5,17.7,27.3,19.4,11.0,24.1,26.9,24.7,25.7,24.8,8.9,10.9,13.8
2019-01-12--12:14:12,NaN,NaN,NaN,NaN,NaN,NaN,NaN,NaN,NaN,20.0,19.4,18.0,12.4,8.2,19.3,18.1,15.9,11.4,6.9,29.9,24.8,20.9,27.8,21.5,17.7,27.3,19.4,11.0,24.1,26.9,24.7,25.7,24.8,8.9,10.9,13.8
2019-01-12--12:17:48,NaN,NaN,NaN,NaN,NaN,NaN,NaN,NaN,NaN,20.0,19.4,18.1,12.5,8.2,19.3,18.2,15.9,11.4,7.0,29.9,24.8,20.9,27.8,21.6,17.8,27.3,19.4,11.1,24.2,26.9,24.7,25.7,24.8,8.9,10.9,13.8
2019-01-12--12:21:24,NaN,NaN,NaN,NaN,NaN,NaN,NaN,NaN,NaN,20.0,19.4,18.1,12.5,8.2,19.3,18.2,15.9,11.4,7.0,29.9,24.8,20.9,27.8,21.6,17.8,27.3,19.4,11.1,24.2,26.9,24.7,25.7,24.8,8.9,10.9,13.8
2019-01-12--12:25:00,NaN,NaN,NaN,NaN,NaN,NaN,NaN,NaN,NaN,20.0,19.4,18.1,12.5,8.2,19.3,18.2,15.9,11.4,7.0,29.9,24.8,20.9,27.8,21.6,17.8,27.3,19.4,11.1,24.2,26.9,24.7,25.7,24.8,8.9,10.9,13.8
2019-01-12--12:28:36,NaN,NaN,NaN,NaN,NaN,NaN,NaN,NaN,NaN,20.0,19.4,18.1,12.5,8.2,19.3,18.2,15.9,11.4,7.0,29.9,24.8,20.9,27.8,21.6,17.8,27.3,19.4,11.1,24.2,26.9,24.7,25.7,24.8,8.9,10.9,13.8
2019-01-12--12:32:12,NaN,NaN,NaN,NaN,NaN,NaN,NaN,NaN,NaN,20.1,19.4,18.1,12.5,8.3,19.4,18.2,15.9,11.5,7.0,30.0,24.8,20.9,27.9,21.6,17.8,27.4,19.5,11.1,24.2,27.0,24.7,25.7,24.8,8.8,10.9,13.8
2019-01-12--12:35:48,NaN,NaN,NaN,NaN,NaN,NaN,NaN,NaN,NaN,20.1,19.4,18.1,12.5,8.3,19.4,18.2,15.9,11.5,7.0,30.0,24.8,20.9,27.9,21.6,17.8,27.4,19.5,11.1,24.2,27.0,24.7,25.7,24.8,8.8,10.9,13.8
2019-01-12--12:39:24,NaN,NaN,NaN,NaN,NaN,NaN,NaN,NaN,NaN,20.1,19.4,18.1,12.5,8.3,19.4,18.2,15.9,11.5,7.0,30.0,24.8,20.9,27.9,21.6,17.8,27.4,19.5,11.1,24.2,27.0,24.7,25.7,24.8,8.8,10.9,13.8
2019-01-12--12:43:00,NaN,NaN,NaN,NaN,NaN,NaN,NaN,NaN,NaN,20.1,19.4,18.1,12.5,8.3,19.4,18.2,15.9,11.5,7.0,30.0,24.8,20.9,27.9,21.6,17.8,27.4,19.5,11.1,24.2,27.0,24.7,25.7,24.8,8.8,10.9,13.8
2019-01-12--12:46:36,NaN,NaN,NaN,NaN,NaN,NaN,NaN,NaN,NaN,20.1,19.5,18.1,12.5,8.3,19.4,18.2,16.0,11.5,7.1,30.0,24.9,20.9,27.9,21.6,17.8,27.4,19.5,11.1,24.3,27.0,24.7,25.7,24.8,8.8,10.9,13.8
2019-01-12--12:50:12,NaN,NaN,NaN,NaN,NaN,NaN,NaN,NaN,NaN,20.1,19.5,18.1,12.5,8.3,19.4,18.2,16.0,11.5,7.1,30.0,24.9,20.9,27.9,21.6,17.8,27.4,19.5,11.1,24.3,27.0,24.7,25.7,24.8,8.8,10.9,13.8
2019-01-12--12:53:48,NaN,NaN,NaN,NaN,NaN,NaN,NaN,NaN,NaN,20.1,19.5,18.1,12.5,8.3,19.4,18.2,16.0,11.5,7.1,30.0,24.9,20.9,27.9,21.6,17.8,27.4,19.5,11.1,24.3,27.0,24.7,25.7,24.8,8.8,10.9,13.8
2019-01-12--12:57:24,NaN,NaN,NaN,NaN,NaN,NaN,NaN,NaN,NaN,20.1,19.5,18.1,12.5,8.3,19.4,18.2,16.0,11.5,7.1,30.0,24.9,20.9,27.9,21.6,17.8,27.4,19.5,11.1,24.3,27.0,24.7,25.7,24.8,8.8,10.9,13.8
2019-01-12--13:01:00,NaN,NaN,NaN,NaN,NaN,NaN,NaN,NaN,NaN,20.1,19.5,18.1,12.6,8.4,19.4,18.3,16.0,11.5,7.1,30.0,24.9,20.9,27.9,21.6,17.8,27.5,19.5,11.1,24.3,27.0,24.7,25.7,24.8,8.9,10.9,13.8
2019-01-12--13:04:36,NaN,NaN,NaN,NaN,NaN,NaN,NaN,NaN,NaN,20.1,19.5,18.1,12.6,8.4,19.4,18.3,16.0,11.5,7.1,30.0,24.9,20.9,27.9,21.6,17.8,27.5,19.5,11.1,24.3,27.0,24.7,25.7,24.8,8.9,10.9,13.8
2019-01-12--13:08:12,NaN,NaN,NaN,NaN,NaN,NaN,NaN,NaN,NaN,20.1,19.5,18.1,12.6,8.4,19.4,18.3,16.0,11.5,7.1,30.0,24.9,20.9,27.9,21.6,17.8,27.5,19.5,11.1,24.3,27.0,24.7,25.7,24.8,8.9,10.9,13.8
2019-01-12--13:11:48,NaN,NaN,NaN,NaN,NaN,NaN,NaN,NaN,NaN,20.1,19.5,18.1,12.6,8.4,19.4,18.3,16.0,11.5,7.1,30.0,24.9,20.9,27.9,21.6,17.8,27.5,19.5,11.1,24.3,27.0,24.7,25.7,24.8,8.9,10.9,13.8
2019-01-12--13:15:24,NaN,NaN,NaN,NaN,NaN,NaN,NaN,NaN,NaN,20.1,19.5,18.2,12.6,8.4,19.4,18.3,16.0,11.6,7.1,30.0,24.9,21.0,28.0,21.7,17.8,27.5,19.5,11.1,24.3,27.0,24.8,25.7,24.8,8.9,10.9,13.8
2019-01-12--13:19:00,NaN,NaN,NaN,NaN,NaN,NaN,NaN,NaN,NaN,20.1,19.5,18.2,12.6,8.4,19.4,18.3,16.0,11.6,7.1,30.0,24.9,21.0,28.0,21.7,17.8,27.5,19.5,11.1,24.3,27.0,24.8,25.7,24.8,8.9,10.9,13.8
2019-01-12--13:22:36,NaN,NaN,NaN,NaN,NaN,NaN,NaN,NaN,NaN,20.1,19.5,18.2,12.6,8.4,19.4,18.3,16.0,11.6,7.1,30.0,24.9,21.0,28.0,21.7,17.8,27.5,19.5,11.1,24.3,27.0,24.8,25.7,24.8,8.9,10.9,13.8
2019-01-12--13:26:12,NaN,NaN,NaN,NaN,NaN,NaN,NaN,NaN,NaN,20.1,19.5,18.2,12.6,8.4,19.4,18.3,16.0,11.6,7.1,30.0,24.9,21.0,28.0,21.7,17.8,27.5,19.5,11.1,24.3,27.0,24.8,25.7,24.8,8.9,10.9,13.8
2019-01-12--13:29:48,NaN,NaN,NaN,NaN,NaN,NaN,NaN,NaN,NaN,20.1,19.5,18.2,12.6,8.4,19.4,18.3,16.0,11.6,7.1,30.0,24.9,21.0,28.0,21.7,17.8,27.5,19.5,11.1,24.3,27.0,24.8,25.7,24.8,8.9,10.9,13.8
2019-01-12--13:33:24,NaN,NaN,NaN,NaN,NaN,NaN,NaN,NaN,NaN,20.1,19.6,18.2,12.6,8.5,19.5,18.3,16.0,11.6,7.2,29.9,24.9,21.0,28.0,21.7,17.8,27.5,19.6,11.1,24.3,27.0,24.8,25.7,24.9,8.9,10.9,13.8
2019-01-12--13:37:00,NaN,NaN,NaN,NaN,NaN,NaN,NaN,NaN,NaN,20.1,19.6,18.2,12.6,8.5,19.5,18.3,16.0,11.6,7.2,29.9,24.9,21.0,28.0,21.7,17.8,27.5,19.6,11.1,24.3,27.0,24.8,25.7,24.9,8.9,10.9,13.8
2019-01-12--13:40:36,NaN,NaN,NaN,NaN,NaN,NaN,NaN,NaN,NaN,20.1,19.6,18.2,12.6,8.5,19.5,18.3,16.0,11.6,7.2,29.9,24.9,21.0,28.0,21.7,17.8,27.5,19.6,11.1,24.3,27.0,24.8,25.7,24.9,8.9,10.9,13.8
2019-01-12--13:44:12,NaN,NaN,NaN,NaN,NaN,NaN,NaN,NaN,NaN,20.1,19.6,18.2,12.6,8.5,19.5,18.3,16.0,11.6,7.2,29.9,24.9,21.0,28.0,21.7,17.8,27.5,19.6,11.1,24.3,27.0,24.8,25.7,24.9,8.9,10.9,13.8
2019-01-12--13:47:48,NaN,NaN,NaN,NaN,NaN,NaN,NaN,NaN,NaN,20.2,19.6,18.2,12.7,8.5,19.5,18.3,16.1,11.6,7.2,29.8,24.9,21.0,28.0,21.7,17.8,27.6,19.6,11.1,24.3,27.0,24.8,25.8,24.9,8.9,10.9,13.8
2019-01-12--13:51:24,NaN,NaN,NaN,NaN,NaN,NaN,NaN,NaN,NaN,20.2,19.6,18.2,12.7,8.5,19.5,18.3,16.1,11.6,7.2,29.8,24.9,21.0,28.0,21.7,17.8,27.6,19.6,11.1,24.3,27.0,24.8,25.8,24.9,8.9,10.9,13.8
2019-01-12--13:55:00,NaN,NaN,NaN,NaN,NaN,NaN,NaN,NaN,NaN,20.2,19.6,18.2,12.7,8.5,19.5,18.3,16.1,11.6,7.2,29.8,24.9,21.0,28.0,21.7,17.8,27.6,19.6,11.1,24.3,27.0,24.8,25.8,24.9,8.9,10.9,13.8
2019-01-12--13:58:36,NaN,NaN,NaN,NaN,NaN,NaN,NaN,NaN,NaN,20.2,19.6,18.2,12.7,8.5,19.5,18.3,16.1,11.6,7.2,29.8,24.9,21.0,28.0,21.7,17.8,27.6,19.6,11.1,24.3,27.0,24.8,25.8,24.9,8.9,10.9,13.8
2019-01-12--14:02:12,NaN,NaN,NaN,NaN,NaN,NaN,NaN,NaN,NaN,20.2,19.6,18.3,12.7,8.5,19.5,18.4,16.1,11.7,7.3,29.7,25.0,21.0,28.1,21.7,17.8,27.6,19.6,11.1,24.3,27.0,24.8,25.8,24.9,8.9,10.9,13.8
2019-01-12--14:05:48,NaN,NaN,NaN,NaN,NaN,NaN,NaN,NaN,NaN,20.2,19.6,18.3,12.7,8.5,19.5,18.4,16.1,11.7,7.3,29.7,25.0,21.0,28.1,21.7,17.8,27.6,19.6,11.1,24.3,27.0,24.8,25.8,24.9,8.9,10.9,13.8
2019-01-12--14:09:24,NaN,NaN,NaN,NaN,NaN,NaN,NaN,NaN,NaN,20.2,19.6,18.3,12.7,8.5,19.5,18.4,16.1,11.7,7.3,29.7,25.0,21.0,28.1,21.7,17.8,27.6,19.6,11.1,24.3,27.0,24.8,25.8,24.9,8.9,10.9,13.8
2019-01-12--14:13:00,NaN,NaN,NaN,NaN,NaN,NaN,NaN,NaN,NaN,20.2,19.6,18.3,12.7,8.5,19.5,18.4,16.1,11.7,7.3,29.7,25.0,21.0,28.1,21.7,17.8,27.6,19.6,11.1,24.3,27.0,24.8,25.8,24.9,8.9,10.9,13.8
2019-01-12--14:16:36,NaN,NaN,NaN,NaN,NaN,NaN,NaN,NaN,NaN,20.2,19.6,18.3,12.7,8.6,19.5,18.4,16.1,11.7,7.3,29.6,25.0,21.0,28.1,21.7,17.8,27.7,19.7,11.1,24.3,27.0,24.7,25.8,24.9,9.0,10.9,13.8
2019-01-12--14:20:12,NaN,NaN,NaN,NaN,NaN,NaN,NaN,NaN,NaN,20.2,19.6,18.3,12.7,8.6,19.5,18.4,16.1,11.7,7.3,29.6,25.0,21.0,28.1,21.7,17.8,27.7,19.7,11.1,24.3,27.0,24.7,25.8,24.9,9.0,10.9,13.8
2019-01-12--14:23:48,NaN,NaN,NaN,NaN,NaN,NaN,NaN,NaN,NaN,20.2,19.6,18.3,12.7,8.6,19.5,18.4,16.1,11.7,7.3,29.6,25.0,21.0,28.1,21.7,17.8,27.7,19.7,11.1,24.3,27.0,24.7,25.8,24.9,9.0,10.9,13.8
2019-01-12--14:27:24,NaN,NaN,NaN,NaN,NaN,NaN,NaN,NaN,NaN,20.2,19.6,18.3,12.7,8.6,19.5,18.4,16.1,11.7,7.3,29.6,25.0,21.0,28.1,21.7,17.8,27.7,19.7,11.1,24.3,27.0,24.7,25.8,24.9,9.0,10.9,13.8
2019-01-12--14:31:00,NaN,NaN,NaN,NaN,NaN,NaN,NaN,NaN,NaN,20.2,19.7,18.3,12.8,8.6,19.5,18.4,16.1,11.7,7.3,29.5,25.0,21.0,28.1,21.8,17.8,27.7,19.7,11.1,24.3,27.0,24.7,25.8,24.9,9.0,10.9,13.8
2019-01-12--14:34:36,NaN,NaN,NaN,NaN,NaN,NaN,NaN,NaN,NaN,20.2,19.7,18.3,12.8,8.6,19.5,18.4,16.1,11.7,7.3,29.5,25.0,21.0,28.1,21.8,17.8,27.7,19.7,11.1,24.3,27.0,24.7,25.8,24.9,9.0,10.9,13.8
2019-01-12--14:38:12,NaN,NaN,NaN,NaN,NaN,NaN,NaN,NaN,NaN,20.2,19.7,18.3,12.8,8.6,19.5,18.4,16.1,11.7,7.3,29.5,25.0,21.0,28.1,21.8,17.8,27.7,19.7,11.1,24.3,27.0,24.7,25.8,24.9,9.0,10.9,13.8
2019-01-12--14:41:48,NaN,NaN,NaN,NaN,NaN,NaN,NaN,NaN,NaN,20.2,19.7,18.3,12.8,8.6,19.5,18.4,16.1,11.7,7.3,29.5,25.0,21.0,28.1,21.8,17.8,27.7,19.7,11.1,24.3,27.0,24.7,25.8,24.9,9.0,10.9,13.8
2019-01-12--14:45:24,NaN,NaN,NaN,NaN,NaN,NaN,NaN,NaN,NaN,20.2,19.7,18.3,12.8,8.6,19.6,18.4,16.2,11.7,7.3,29.4,25.0,21.0,28.2,21.8,17.9,27.7,19.7,11.2,24.3,27.0,24.7,25.8,24.9,9.0,10.9,13.8
2019-01-12--14:49:00,NaN,NaN,NaN,NaN,NaN,NaN,NaN,NaN,NaN,20.2,19.7,18.3,12.8,8.6,19.6,18.4,16.2,11.7,7.3,29.4,25.0,21.0,28.2,21.8,17.9,27.7,19.7,11.2,24.3,27.0,24.7,25.8,24.9,8.9,10.9,13.8
2019-01-12--14:52:36,NaN,NaN,NaN,NaN,NaN,NaN,NaN,NaN,NaN,20.2,19.7,18.3,12.8,8.6,19.6,18.4,16.2,11.7,7.3,29.4,25.0,21.0,28.2,21.8,17.9,27.7,19.7,11.2,24.3,27.0,24.7,25.8,24.9,8.9,10.9,13.8
2019-01-12--14:56:12,NaN,NaN,NaN,NaN,NaN,NaN,NaN,NaN,NaN,20.2,19.7,18.3,12.8,8.6,19.6,18.4,16.2,11.7,7.3,29.4,25.0,21.0,28.2,21.8,17.9,27.7,19.7,11.2,24.3,27.0,24.7,25.8,24.9,8.9,10.9,13.8
2019-01-12--14:59:48,NaN,NaN,NaN,NaN,NaN,NaN,NaN,NaN,NaN,20.2,19.7,18.3,12.8,8.6,19.6,18.4,16.2,11.7,7.3,29.4,25.0,21.0,28.2,21.8,17.9,27.7,19.7,11.2,24.3,27.0,24.7,25.8,24.9,8.9,10.9,13.8
2019-01-12--15:03:24,NaN,NaN,NaN,NaN,NaN,NaN,NaN,NaN,NaN,20.3,19.7,18.3,12.8,8.7,19.6,18.5,16.2,11.8,7.4,29.3,24.9,21.0,28.2,21.8,17.9,27.8,19.8,11.2,24.3,27.0,24.7,25.8,24.9,9.0,10.9,13.8
2019-01-12--15:07:00,NaN,NaN,NaN,NaN,NaN,NaN,NaN,NaN,NaN,20.3,19.7,18.3,12.8,8.7,19.6,18.5,16.2,11.8,7.4,29.3,24.9,21.0,28.2,21.8,17.9,27.8,19.8,11.2,24.3,27.0,24.7,25.8,24.9,9.0,10.9,13.8
2019-01-12--15:10:36,NaN,NaN,NaN,NaN,NaN,NaN,NaN,NaN,NaN,20.3,19.7,18.3,12.8,8.7,19.6,18.5,16.2,11.8,7.4,29.3,24.9,21.0,28.2,21.8,17.9,27.8,19.8,11.2,24.3,27.0,24.7,25.8,24.9,9.0,10.9,13.8
2019-01-12--15:14:12,NaN,NaN,NaN,NaN,NaN,NaN,NaN,NaN,NaN,20.3,19.7,18.3,12.8,8.7,19.6,18.5,16.2,11.8,7.4,29.3,24.9,21.0,28.2,21.8,17.9,27.8,19.8,11.2,24.3,27.0,24.7,25.8,24.9,9.0,10.9,13.8
2019-01-12--15:17:48,NaN,NaN,NaN,NaN,NaN,NaN,NaN,NaN,NaN,20.3,19.7,18.4,12.9,8.7,19.6,18.5,16.3,11.8,7.4,29.2,24.9,21.0,28.2,21.8,17.9,27.8,19.8,11.2,24.3,27.0,24.7,25.8,24.9,9.0,10.9,13.8
2019-01-12--15:21:24,NaN,NaN,NaN,NaN,NaN,NaN,NaN,NaN,NaN,20.3,19.7,18.4,12.9,8.7,19.6,18.5,16.3,11.8,7.4,29.2,24.9,21.0,28.2,21.8,17.9,27.8,19.8,11.2,24.3,27.0,24.7,25.8,24.9,9.0,10.9,13.8
2019-01-12--15:25:00,NaN,NaN,NaN,NaN,NaN,NaN,NaN,NaN,NaN,20.3,19.7,18.4,12.9,8.7,19.6,18.5,16.3,11.8,7.4,29.2,24.9,21.0,28.2,21.8,17.9,27.8,19.8,11.2,24.3,27.0,24.7,25.8,24.9,9.0,10.9,13.8
2019-01-12--15:28:36,NaN,NaN,NaN,NaN,NaN,NaN,NaN,NaN,NaN,20.3,19.7,18.4,12.9,8.7,19.6,18.5,16.3,11.8,7.4,29.2,24.9,21.0,28.2,21.8,17.9,27.8,19.8,11.2,24.3,27.0,24.7,25.8,24.9,9.0,10.9,13.8
2019-01-12--15:32:12,NaN,NaN,NaN,NaN,NaN,NaN,NaN,NaN,NaN,20.3,19.7,18.4,12.9,8.7,19.6,18.5,16.3,11.8,7.4,29.1,24.9,21.0,28.2,21.8,17.9,27.8,19.8,11.2,24.4,27.0,24.7,25.8,24.9,9.0,10.9,13.8
2019-01-12--15:35:48,NaN,NaN,NaN,NaN,NaN,NaN,NaN,NaN,NaN,20.3,19.7,18.4,12.9,8.7,19.6,18.5,16.3,11.8,7.4,29.1,24.9,21.0,28.2,21.8,17.9,27.8,19.8,11.2,24.4,27.0,24.7,25.8,24.9,9.0,10.9,13.8
2019-01-12--15:39:24,NaN,NaN,NaN,NaN,NaN,NaN,NaN,NaN,NaN,20.3,19.7,18.4,12.9,8.7,19.6,18.5,16.3,11.8,7.4,29.1,24.9,21.0,28.2,21.8,17.9,27.8,19.8,11.2,24.4,27.0,24.7,25.8,24.9,9.0,10.9,13.8
2019-01-12--15:43:00,NaN,NaN,NaN,NaN,NaN,NaN,NaN,NaN,NaN,20.3,19.7,18.4,12.9,8.7,19.6,18.5,16.3,11.8,7.4,29.1,24.9,21.0,28.2,21.8,17.9,27.8,19.8,11.2,24.4,27.0,24.7,25.8,24.9,9.0,10.9,13.8
2019-01-12--15:46:36,NaN,NaN,NaN,NaN,NaN,NaN,NaN,NaN,NaN,20.3,19.8,18.4,12.9,8.8,19.6,18.5,16.3,11.9,7.5,28.9,24.9,21.0,28.2,21.9,17.9,27.8,19.9,11.2,24.4,26.9,24.7,25.9,24.9,9.0,10.9,13.8
2019-01-12--15:50:12,NaN,NaN,NaN,NaN,NaN,NaN,NaN,NaN,NaN,20.3,19.8,18.4,12.9,8.8,19.6,18.5,16.3,11.9,7.5,28.9,24.9,21.0,28.2,21.9,17.9,27.8,19.9,11.2,24.4,26.9,24.7,25.9,24.9,9.0,10.9,13.8
2019-01-12--15:53:48,NaN,NaN,NaN,NaN,NaN,NaN,NaN,NaN,NaN,20.3,19.8,18.4,12.9,8.8,19.6,18.5,16.3,11.9,7.5,28.9,24.9,21.0,28.2,21.9,17.9,27.8,19.9,11.2,24.4,26.9,24.7,25.9,24.9,9.0,10.9,13.8
2019-01-12--15:57:24,NaN,NaN,NaN,NaN,NaN,NaN,NaN,NaN,NaN,20.3,19.8,18.4,12.9,8.8,19.6,18.5,16.3,11.9,7.5,28.9,24.9,21.0,28.2,21.9,17.9,27.8,19.9,11.2,24.4,26.9,24.7,25.9,24.9,9.0,10.9,13.8
2019-01-12--16:01:00,NaN,NaN,NaN,NaN,NaN,NaN,NaN,NaN,NaN,20.3,19.8,18.4,13.0,8.8,19.7,18.6,16.3,11.9,7.5,28.8,24.9,21.0,28.3,21.9,17.9,27.9,19.9,11.2,24.4,26.9,24.8,25.9,24.9,9.0,10.9,13.8
2019-01-12--16:04:36,NaN,NaN,NaN,NaN,NaN,NaN,NaN,NaN,NaN,20.3,19.8,18.4,13.0,8.8,19.7,18.6,16.3,11.9,7.5,28.8,24.9,21.0,28.3,21.9,17.9,27.9,19.9,11.2,24.4,26.9,24.8,25.9,24.9,9.0,10.9,13.8
2019-01-12--16:08:12,NaN,NaN,NaN,NaN,NaN,NaN,NaN,NaN,NaN,20.3,19.8,18.4,13.0,8.8,19.7,18.6,16.3,11.9,7.5,28.8,24.9,21.0,28.3,21.9,17.9,27.9,19.9,11.2,24.4,26.9,24.8,25.9,24.9,9.0,10.9,13.8
2019-01-12--16:11:48,NaN,NaN,NaN,NaN,NaN,NaN,NaN,NaN,NaN,20.3,19.8,18.4,13.0,8.8,19.7,18.6,16.3,11.9,7.5,28.8,24.9,21.0,28.3,21.9,17.9,27.9,19.9,11.2,24.4,26.9,24.8,25.9,24.9,9.0,10.9,13.8
2019-01-12--16:15:24,NaN,NaN,NaN,NaN,NaN,NaN,NaN,NaN,NaN,20.3,19.8,18.5,13.0,8.8,19.7,18.6,16.4,12.0,7.5,28.7,24.9,21.0,28.3,21.9,17.9,27.9,19.9,11.3,24.4,26.9,24.8,25.9,25.0,9.0,10.9,13.8
2019-01-12--16:19:00,NaN,NaN,NaN,NaN,NaN,NaN,NaN,NaN,NaN,20.3,19.8,18.5,13.0,8.8,19.7,18.6,16.4,12.0,7.5,28.7,24.9,21.0,28.3,21.9,17.9,27.9,19.9,11.3,24.4,26.9,24.8,25.9,25.0,9.0,10.9,13.8
2019-01-12--16:22:36,NaN,NaN,NaN,NaN,NaN,NaN,NaN,NaN,NaN,20.3,19.8,18.5,13.0,8.8,19.7,18.6,16.4,12.0,7.5,28.7,24.9,21.0,28.3,21.9,17.9,27.9,19.9,11.3,24.4,26.9,24.8,25.9,25.0,9.0,10.9,13.8
2019-01-12--16:26:12,NaN,NaN,NaN,NaN,NaN,NaN,NaN,NaN,NaN,20.3,19.8,18.5,13.0,8.8,19.7,18.6,16.4,12.0,7.5,28.7,24.9,21.0,28.3,21.9,17.9,27.9,19.9,11.3,24.4,26.9,24.8,25.9,25.0,9.0,10.9,13.8
2019-01-12--16:29:48,NaN,NaN,NaN,NaN,NaN,NaN,NaN,NaN,NaN,20.3,19.8,18.5,13.0,8.8,19.7,18.6,16.4,12.0,7.5,28.7,24.9,21.0,28.3,21.9,17.9,27.9,19.9,11.3,24.4,26.9,24.8,25.9,25.0,9.0,10.9,13.8
2019-01-12--16:33:24,NaN,NaN,NaN,NaN,NaN,NaN,NaN,NaN,NaN,20.4,19.8,18.5,13.0,8.9,19.7,18.6,16.4,12.0,7.5,28.6,24.8,21.0,28.3,21.9,17.9,28.0,20.0,11.3,24.4,26.8,24.8,25.9,25.0,9.1,10.9,13.8
2019-01-12--16:37:00,NaN,NaN,NaN,NaN,NaN,NaN,NaN,NaN,NaN,20.4,19.8,18.5,13.0,8.9,19.7,18.6,16.4,12.0,7.5,28.6,24.8,21.0,28.3,21.9,17.9,28.0,20.0,11.3,24.4,26.8,24.8,25.9,25.0,9.1,10.9,13.8
2019-01-12--16:40:36,NaN,NaN,NaN,NaN,NaN,NaN,NaN,NaN,NaN,20.4,19.8,18.5,13.0,8.9,19.7,18.6,16.4,12.0,7.5,28.6,24.8,21.0,28.3,21.9,17.9,28.0,20.0,11.3,24.4,26.8,24.8,25.9,25.0,9.1,10.9,13.8
2019-01-12--16:44:12,NaN,NaN,NaN,NaN,NaN,NaN,NaN,NaN,NaN,20.4,19.8,18.5,13.0,8.9,19.7,18.6,16.4,12.0,7.5,28.6,24.8,21.0,28.3,21.9,17.9,28.0,20.0,11.3,24.4,26.8,24.8,25.9,25.0,9.1,10.9,13.8
2019-01-12--16:47:48,NaN,NaN,NaN,NaN,NaN,NaN,NaN,NaN,NaN,20.4,19.8,18.5,13.1,8.9,19.7,18.6,16.4,12.0,7.6,28.5,24.8,21.0,28.4,21.9,17.9,28.0,20.0,11.3,24.4,26.8,24.8,26.0,25.0,9.1,10.9,13.8
2019-01-12--16:51:24,NaN,NaN,NaN,NaN,NaN,NaN,NaN,NaN,NaN,20.4,19.8,18.5,13.1,8.9,19.7,18.6,16.4,12.0,7.6,28.5,24.8,21.0,28.4,21.9,17.9,28.0,20.0,11.3,24.4,26.8,24.8,26.0,25.0,9.1,10.9,13.8
2019-01-12--16:55:00,NaN,NaN,NaN,NaN,NaN,NaN,NaN,NaN,NaN,20.4,19.8,18.5,13.1,8.9,19.7,18.6,16.4,12.0,7.6,28.5,24.8,21.0,28.4,21.9,17.9,28.0,20.0,11.3,24.4,26.8,24.8,26.0,25.0,9.1,10.9,13.8
2019-01-12--16:58:36,NaN,NaN,NaN,NaN,NaN,NaN,NaN,NaN,NaN,20.4,19.8,18.5,13.1,8.9,19.7,18.6,16.4,12.0,7.6,28.5,24.8,21.0,28.4,21.9,17.9,28.0,20.0,11.3,24.4,26.8,24.8,26.0,25.0,9.1,10.9,13.8
2019-01-12--17:02:12,NaN,NaN,NaN,NaN,NaN,NaN,NaN,NaN,NaN,20.4,19.9,18.5,13.1,8.9,19.7,18.7,16.5,12.0,7.6,28.4,24.8,21.0,28.4,22.0,17.9,28.1,20.0,11.3,24.5,26.8,24.8,26.0,25.0,9.1,10.9,13.8
2019-01-12--17:05:48,NaN,NaN,NaN,NaN,NaN,NaN,NaN,NaN,NaN,20.4,19.9,18.5,13.1,8.9,19.7,18.7,16.5,12.0,7.6,28.4,24.8,21.0,28.4,22.0,17.9,28.1,20.0,11.3,24.5,26.8,24.8,26.0,25.0,9.1,10.9,13.8
2019-01-12--17:09:24,NaN,NaN,NaN,NaN,NaN,NaN,NaN,NaN,NaN,20.4,19.9,18.5,13.1,8.9,19.7,18.7,16.5,12.0,7.6,28.4,24.8,21.0,28.4,22.0,17.9,28.1,20.0,11.3,24.5,26.8,24.8,26.0,25.0,9.1,10.9,13.8
2019-01-12--17:13:00,NaN,NaN,NaN,NaN,NaN,NaN,NaN,NaN,NaN,20.4,19.9,18.5,13.1,8.9,19.7,18.7,16.5,12.0,7.6,28.4,24.8,21.0,28.4,22.0,17.9,28.1,20.0,11.3,24.5,26.8,24.8,26.0,25.0,9.1,10.9,13.8
2019-01-12--17:16:36,NaN,NaN,NaN,NaN,NaN,NaN,NaN,NaN,NaN,20.4,19.9,18.6,13.1,9.0,19.8,18.7,16.5,12.1,7.6,28.3,24.7,21.0,28.4,22.0,18.0,28.1,20.0,11.3,24.5,26.8,24.8,26.0,25.0,9.0,10.9,13.8
2019-01-12--17:20:12,NaN,NaN,NaN,NaN,NaN,NaN,NaN,NaN,NaN,20.4,19.9,18.6,13.1,9.0,19.8,18.7,16.5,12.1,7.6,28.3,24.7,21.0,28.4,22.0,18.0,28.1,20.0,11.3,24.5,26.8,24.8,26.0,25.0,9.0,10.9,13.8
2019-01-12--17:23:48,NaN,NaN,NaN,NaN,NaN,NaN,NaN,NaN,NaN,20.4,19.9,18.6,13.1,9.0,19.8,18.7,16.5,12.1,7.6,28.3,24.7,21.0,28.4,22.0,18.0,28.1,20.0,11.3,24.5,26.8,24.8,26.0,25.0,9.0,10.9,13.8
2019-01-12--17:27:24,NaN,NaN,NaN,NaN,NaN,NaN,NaN,NaN,NaN,20.4,19.9,18.6,13.1,9.0,19.8,18.7,16.5,12.1,7.6,28.3,24.7,21.0,28.4,22.0,18.0,28.1,20.0,11.3,24.5,26.8,24.8,26.0,25.0,9.0,10.9,13.8
2019-01-12--17:31:00,NaN,NaN,NaN,NaN,NaN,NaN,NaN,NaN,NaN,20.5,19.9,18.6,13.2,9.0,19.8,18.7,16.5,12.1,7.7,28.2,24.7,21.0,28.5,22.0,18.0,28.1,20.1,11.3,24.5,26.8,24.7,26.0,25.0,8.9,10.9,13.8
2019-01-12--17:34:36,NaN,NaN,NaN,NaN,NaN,NaN,NaN,NaN,NaN,20.5,19.9,18.6,13.2,9.0,19.8,18.7,16.5,12.1,7.7,28.2,24.7,21.0,28.5,22.0,18.0,28.1,20.1,11.3,24.5,26.8,24.7,26.0,25.0,8.9,10.9,13.8
2019-01-12--17:38:12,NaN,NaN,NaN,NaN,NaN,NaN,NaN,NaN,NaN,20.5,19.9,18.6,13.2,9.0,19.8,18.7,16.5,12.1,7.7,28.2,24.7,21.0,28.5,22.0,18.0,28.1,20.1,11.3,24.5,26.8,24.7,26.0,25.0,8.9,10.9,13.8
2019-01-12--17:41:48,NaN,NaN,NaN,NaN,NaN,NaN,NaN,NaN,NaN,20.5,19.9,18.6,13.2,9.0,19.8,18.7,16.5,12.1,7.7,28.2,24.7,21.0,28.5,22.0,18.0,28.1,20.1,11.3,24.5,26.8,24.7,26.0,25.0,8.9,10.9,13.8
2019-01-12--17:45:24,NaN,NaN,NaN,NaN,NaN,NaN,NaN,NaN,NaN,20.5,19.9,18.6,13.2,9.0,19.8,18.8,16.6,12.1,7.7,28.1,24.7,21.0,28.5,22.0,18.0,28.2,20.1,11.3,24.5,26.8,24.7,26.0,25.0,8.9,10.9,13.8
2019-01-12--17:49:00,NaN,NaN,NaN,NaN,NaN,NaN,NaN,NaN,NaN,20.5,19.9,18.6,13.2,9.0,19.8,18.8,16.6,12.1,7.7,28.1,24.7,21.0,28.5,22.0,18.0,28.2,20.1,11.3,24.5,26.8,24.7,26.0,25.0,8.9,10.9,13.8
2019-01-12--17:52:36,NaN,NaN,NaN,NaN,NaN,NaN,NaN,NaN,NaN,20.5,19.9,18.6,13.2,9.0,19.8,18.8,16.6,12.1,7.7,28.1,24.7,21.0,28.5,22.0,18.0,28.2,20.1,11.3,24.5,26.8,24.7,26.0,25.0,8.9,10.9,13.8
2019-01-12--17:56:12,NaN,NaN,NaN,NaN,NaN,NaN,NaN,NaN,NaN,20.5,19.9,18.6,13.2,9.0,19.8,18.8,16.6,12.1,7.7,28.1,24.7,21.0,28.5,22.0,18.0,28.2,20.1,11.3,24.5,26.8,24.7,26.0,25.0,8.9,10.9,13.8
2019-01-12--17:59:48,NaN,NaN,NaN,NaN,NaN,NaN,NaN,NaN,NaN,20.5,19.9,18.6,13.2,9.0,19.8,18.8,16.6,12.1,7.7,28.1,24.7,21.0,28.5,22.0,18.0,28.2,20.1,11.3,24.5,26.8,24.7,26.0,25.0,8.9,10.9,13.8
2019-01-12--18:03:24,NaN,NaN,NaN,NaN,NaN,NaN,NaN,NaN,NaN,20.5,19.9,18.6,13.2,9.0,19.8,18.8,16.6,12.2,7.7,28.0,24.6,21.0,28.5,22.0,18.0,28.2,20.1,11.3,24.5,26.8,24.7,26.0,25.0,8.9,10.9,13.8
2019-01-12--18:07:00,NaN,NaN,NaN,NaN,NaN,NaN,NaN,NaN,NaN,20.5,19.9,18.6,13.2,9.0,19.8,18.8,16.6,12.2,7.7,28.0,24.6,21.0,28.5,22.0,18.0,28.2,20.1,11.3,24.5,26.8,24.7,26.0,25.0,8.9,10.9,13.8
2019-01-12--18:10:36,NaN,NaN,NaN,NaN,NaN,NaN,NaN,NaN,NaN,20.5,19.9,18.6,13.2,9.0,19.8,18.8,16.6,12.2,7.7,28.0,24.6,21.0,28.5,22.0,18.0,28.2,20.1,11.3,24.5,26.8,24.7,26.0,25.0,8.9,10.9,13.8
2019-01-12--18:14:12,NaN,NaN,NaN,NaN,NaN,NaN,NaN,NaN,NaN,20.5,19.9,18.6,13.2,9.0,19.8,18.8,16.6,12.2,7.7,28.0,24.6,21.0,28.5,22.0,18.0,28.2,20.1,11.3,24.5,26.8,24.7,26.0,25.0,8.9,10.9,13.8
2019-01-12--18:17:48,NaN,NaN,NaN,NaN,NaN,NaN,NaN,NaN,NaN,20.5,20.0,18.7,13.3,9.1,19.8,18.8,16.6,12.2,7.7,27.8,24.6,21.0,28.5,22.0,18.0,28.2,20.2,11.3,24.5,26.7,24.7,26.1,25.0,8.8,10.9,13.8
2019-01-12--18:21:24,NaN,NaN,NaN,NaN,NaN,NaN,NaN,NaN,NaN,20.5,20.0,18.7,13.3,9.1,19.8,18.8,16.6,12.2,7.7,27.8,24.6,21.0,28.5,22.0,18.0,28.2,20.2,11.3,24.5,26.7,24.7,26.1,25.0,8.8,10.9,13.8
2019-01-12--18:25:00,NaN,NaN,NaN,NaN,NaN,NaN,NaN,NaN,NaN,20.5,20.0,18.7,13.3,9.1,19.8,18.8,16.6,12.2,7.7,27.8,24.6,21.0,28.5,22.0,18.0,28.2,20.2,11.3,24.5,26.7,24.7,26.1,25.0,8.8,10.9,13.8
2019-01-12--18:28:36,NaN,NaN,NaN,NaN,NaN,NaN,NaN,NaN,NaN,20.5,20.0,18.7,13.3,9.1,19.8,18.8,16.6,12.2,7.7,27.8,24.6,21.0,28.5,22.0,18.0,28.2,20.2,11.3,24.5,26.7,24.7,26.1,25.0,8.8,10.9,13.8
2019-01-12--18:32:12,NaN,NaN,NaN,NaN,NaN,NaN,NaN,NaN,NaN,20.5,20.0,18.7,13.3,9.1,19.9,18.8,16.6,12.2,7.8,27.8,24.5,21.0,28.5,22.1,18.0,28.2,20.2,11.3,24.6,26.7,24.7,26.1,25.1,8.7,10.9,13.8
2019-01-12--18:35:48,NaN,NaN,NaN,NaN,NaN,NaN,NaN,NaN,NaN,20.5,20.0,18.7,13.3,9.1,19.9,18.8,16.6,12.2,7.8,27.8,24.5,21.0,28.5,22.1,18.0,28.2,20.2,11.3,24.6,26.7,24.7,26.1,25.1,8.7,10.9,13.8
2019-01-12--18:39:24,NaN,NaN,NaN,NaN,NaN,NaN,NaN,NaN,NaN,20.5,20.0,18.7,13.3,9.1,19.9,18.8,16.6,12.2,7.8,27.8,24.5,21.0,28.5,22.1,18.0,28.2,20.2,11.3,24.6,26.7,24.7,26.1,25.1,8.7,10.9,13.8
2019-01-12--18:43:00,NaN,NaN,NaN,NaN,NaN,NaN,NaN,NaN,NaN,20.5,20.0,18.7,13.3,9.1,19.9,18.8,16.6,12.2,7.8,27.8,24.5,21.0,28.5,22.1,18.0,28.2,20.2,11.3,24.6,26.7,24.7,26.1,25.1,8.7,10.9,13.8
2019-01-12--18:46:36,NaN,NaN,NaN,NaN,NaN,NaN,NaN,NaN,NaN,20.5,20.0,18.7,13.3,9.1,19.9,18.8,16.6,12.3,7.8,27.7,24.5,20.9,28.6,22.1,18.0,28.3,20.2,11.3,24.6,26.7,24.7,26.1,25.1,8.7,10.9,13.8
2019-01-12--18:50:12,NaN,NaN,NaN,NaN,NaN,NaN,NaN,NaN,NaN,20.5,20.0,18.7,13.3,9.1,19.9,18.8,16.6,12.3,7.8,27.7,24.5,20.9,28.6,22.1,18.0,28.3,20.2,11.3,24.6,26.7,24.7,26.1,25.1,8.7,10.9,13.8
2019-01-12--18:53:48,NaN,NaN,NaN,NaN,NaN,NaN,NaN,NaN,NaN,20.5,20.0,18.7,13.3,9.1,19.9,18.8,16.6,12.3,7.8,27.7,24.5,20.9,28.6,22.1,18.0,28.3,20.2,11.3,24.6,26.7,24.7,26.1,25.1,8.7,10.9,13.8
2019-01-12--18:57:24,NaN,NaN,NaN,NaN,NaN,NaN,NaN,NaN,NaN,20.5,20.0,18.7,13.3,9.1,19.9,18.8,16.6,12.3,7.8,27.7,24.5,20.9,28.6,22.1,18.0,28.3,20.2,11.3,24.6,26.7,24.7,26.1,25.1,8.7,10.9,13.8
2019-01-12--19:01:00,NaN,NaN,NaN,NaN,NaN,NaN,NaN,NaN,NaN,20.5,20.0,18.7,13.3,9.2,19.9,18.9,16.7,12.3,7.8,27.8,24.5,20.9,28.6,22.1,18.0,28.3,20.3,11.3,24.6,26.7,24.7,26.1,25.1,8.7,10.9,13.8
2019-01-12--19:04:36,NaN,NaN,NaN,NaN,NaN,NaN,NaN,NaN,NaN,20.5,20.0,18.7,13.3,9.2,19.9,18.9,16.7,12.3,7.8,27.8,24.5,20.9,28.6,22.1,18.0,28.3,20.3,11.3,24.6,26.7,24.7,26.1,25.1,8.7,10.9,13.8
2019-01-12--19:08:12,NaN,NaN,NaN,NaN,NaN,NaN,NaN,NaN,NaN,20.5,20.0,18.7,13.3,9.2,19.9,18.9,16.7,12.3,7.8,27.8,24.5,20.9,28.6,22.1,18.0,28.3,20.3,11.3,24.6,26.7,24.7,26.1,25.1,8.7,10.9,13.8
2019-01-12--19:11:48,NaN,NaN,NaN,NaN,NaN,NaN,NaN,NaN,NaN,20.5,20.0,18.7,13.3,9.2,19.9,18.9,16.7,12.3,7.8,27.8,24.5,20.9,28.6,22.1,18.0,28.3,20.3,11.3,24.6,26.7,24.7,26.1,25.1,8.7,10.9,13.8
2019-01-12--19:15:24,NaN,NaN,NaN,NaN,NaN,NaN,NaN,NaN,NaN,20.6,20.0,18.7,13.4,9.2,19.9,18.9,16.7,12.3,7.9,27.8,24.4,20.9,28.6,22.1,18.1,28.3,20.3,11.3,24.6,26.7,24.7,26.1,25.1,8.7,10.9,13.8
2019-01-12--19:19:00,NaN,NaN,NaN,NaN,NaN,NaN,NaN,NaN,NaN,20.6,20.0,18.7,13.4,9.2,19.9,18.9,16.7,12.3,7.9,27.8,24.4,20.9,28.6,22.1,18.1,28.3,20.3,11.3,24.6,26.7,24.8,26.1,25.1,8.7,10.9,13.7
2019-01-12--19:22:36,NaN,NaN,NaN,NaN,NaN,NaN,NaN,NaN,NaN,20.6,20.0,18.7,13.4,9.2,19.9,18.9,16.7,12.3,7.9,27.8,24.4,20.9,28.6,22.1,18.1,28.3,20.3,11.3,24.6,26.7,24.8,26.1,25.1,8.7,10.9,13.7
2019-01-12--19:26:12,NaN,NaN,NaN,NaN,NaN,NaN,NaN,NaN,NaN,20.6,20.0,18.7,13.4,9.2,19.9,18.9,16.7,12.3,7.9,27.8,24.4,20.9,28.6,22.1,18.1,28.3,20.3,11.3,24.6,26.7,24.8,26.1,25.1,8.7,10.9,13.7
2019-01-12--19:29:48,NaN,NaN,NaN,NaN,NaN,NaN,NaN,NaN,NaN,20.6,20.0,18.7,13.4,9.2,19.9,18.9,16.7,12.3,7.9,27.8,24.4,20.9,28.6,22.1,18.1,28.3,20.3,11.3,24.6,26.7,24.8,26.1,25.1,8.7,10.9,13.7
2019-01-12--19:33:24,NaN,NaN,NaN,NaN,NaN,NaN,NaN,NaN,NaN,20.6,20.1,18.8,13.4,9.2,19.9,18.9,16.7,12.3,7.9,27.9,24.4,20.9,28.6,22.1,18.1,28.3,20.3,11.3,24.6,26.7,24.8,26.1,25.1,8.7,10.9,13.8
2019-01-12--19:37:00,NaN,NaN,NaN,NaN,NaN,NaN,NaN,NaN,NaN,20.6,20.1,18.8,13.4,9.2,19.9,18.9,16.7,12.3,7.9,27.9,24.4,20.9,28.6,22.1,18.1,28.3,20.3,11.3,24.6,26.7,24.8,26.1,25.1,8.7,10.9,13.8
2019-01-12--19:40:36,NaN,NaN,NaN,NaN,NaN,NaN,NaN,NaN,NaN,20.6,20.1,18.8,13.4,9.2,19.9,18.9,16.7,12.3,7.9,27.9,24.4,20.9,28.6,22.1,18.1,28.3,20.3,11.3,24.6,26.7,24.8,26.1,25.1,8.7,10.9,13.8
2019-01-12--19:44:12,NaN,NaN,NaN,NaN,NaN,NaN,NaN,NaN,NaN,20.6,20.1,18.8,13.4,9.2,19.9,18.9,16.7,12.3,7.9,27.9,24.4,20.9,28.6,22.1,18.1,28.3,20.3,11.3,24.6,26.7,24.8,26.1,25.1,8.7,10.9,13.8
2019-01-12--19:47:48,NaN,NaN,NaN,NaN,NaN,NaN,NaN,NaN,NaN,20.6,20.1,18.8,13.4,9.2,19.9,18.9,16.7,12.4,7.9,28.0,24.4,20.9,28.6,22.1,18.1,28.3,20.3,11.3,24.6,26.7,24.8,26.2,25.1,8.7,10.9,13.7
2019-01-12--19:51:24,NaN,NaN,NaN,NaN,NaN,NaN,NaN,NaN,NaN,20.6,20.1,18.8,13.4,9.2,19.9,18.9,16.7,12.4,7.9,28.0,24.4,20.9,28.6,22.1,18.1,28.3,20.3,11.3,24.6,26.7,24.8,26.2,25.1,8.7,10.9,13.7
2019-01-12--19:55:00,NaN,NaN,NaN,NaN,NaN,NaN,NaN,NaN,NaN,20.6,20.1,18.8,13.4,9.2,19.9,18.9,16.7,12.4,7.9,28.0,24.4,20.9,28.6,22.1,18.1,28.3,20.3,11.3,24.6,26.7,24.8,26.2,25.1,8.7,10.9,13.7
2019-01-12--19:58:36,NaN,NaN,NaN,NaN,NaN,NaN,NaN,NaN,NaN,20.6,20.1,18.8,13.4,9.2,19.9,18.9,16.7,12.4,7.9,28.0,24.4,20.9,28.6,22.1,18.1,28.3,20.3,11.3,24.6,26.7,24.8,26.2,25.1,8.7,10.9,13.7
2019-01-12--20:02:12,NaN,NaN,NaN,NaN,NaN,NaN,NaN,NaN,NaN,20.6,20.1,18.8,13.4,9.3,20.0,18.9,16.7,12.4,7.9,28.1,24.4,20.9,28.5,22.2,18.1,28.3,20.4,11.3,24.6,26.8,24.8,26.1,25.1,8.8,10.9,13.7
2019-01-12--20:05:48,NaN,NaN,NaN,NaN,NaN,NaN,NaN,NaN,NaN,20.6,20.1,18.8,13.4,9.3,20.0,18.9,16.7,12.4,7.9,28.1,24.4,20.9,28.5,22.2,18.1,28.3,20.4,11.3,24.6,26.8,24.8,26.1,25.1,8.8,10.9,13.7
2019-01-12--20:09:24,NaN,NaN,NaN,NaN,NaN,NaN,NaN,NaN,NaN,20.6,20.1,18.8,13.4,9.3,20.0,18.9,16.7,12.4,7.9,28.1,24.4,20.9,28.5,22.2,18.1,28.3,20.4,11.3,24.6,26.8,24.8,26.1,25.1,8.8,10.9,13.7
2019-01-12--20:13:00,NaN,NaN,NaN,NaN,NaN,NaN,NaN,NaN,NaN,20.6,20.1,18.8,13.4,9.3,20.0,18.9,16.7,12.4,7.9,28.1,24.4,20.9,28.5,22.2,18.1,28.3,20.4,11.3,24.6,26.8,24.8,26.1,25.1,8.8,10.9,13.7
2019-01-12--20:16:36,NaN,NaN,NaN,NaN,NaN,NaN,NaN,NaN,NaN,20.6,20.1,18.8,13.5,9.3,20.0,18.9,16.8,12.4,7.9,28.1,24.3,20.9,28.5,22.2,18.1,28.3,20.4,11.3,24.6,26.8,24.8,26.2,25.2,8.7,10.9,13.7
2019-01-12--20:20:12,NaN,NaN,NaN,NaN,NaN,NaN,NaN,NaN,NaN,20.6,20.1,18.8,13.5,9.3,20.0,18.9,16.8,12.4,7.9,28.1,24.3,20.9,28.5,22.2,18.1,28.3,20.4,11.3,24.6,26.8,24.8,26.2,25.2,8.7,10.9,13.7
2019-01-12--20:23:48,NaN,NaN,NaN,NaN,NaN,NaN,NaN,NaN,NaN,20.6,20.1,18.8,13.5,9.3,20.0,18.9,16.8,12.4,7.9,28.1,24.3,20.9,28.5,22.2,18.1,28.3,20.4,11.3,24.6,26.8,24.8,26.2,25.2,8.7,10.9,13.7
2019-01-12--20:27:24,NaN,NaN,NaN,NaN,NaN,NaN,NaN,NaN,NaN,20.6,20.1,18.8,13.5,9.3,20.0,18.9,16.8,12.4,7.9,28.1,24.3,20.9,28.5,22.2,18.1,28.3,20.4,11.3,24.6,26.8,24.8,26.2,25.2,8.7,10.9,13.7
2019-01-12--20:31:00,NaN,NaN,NaN,NaN,NaN,NaN,NaN,NaN,NaN,20.7,20.1,18.8,13.5,9.3,20.0,19.0,16.8,12.4,8.0,28.1,24.3,20.8,28.6,22.2,18.1,28.3,20.4,11.3,24.6,26.8,24.7,26.2,25.1,8.7,10.9,13.7
2019-01-12--20:34:36,NaN,NaN,NaN,NaN,NaN,NaN,NaN,NaN,NaN,20.7,20.1,18.8,13.5,9.3,20.0,19.0,16.8,12.4,8.0,28.1,24.3,20.8,28.6,22.2,18.1,28.3,20.4,11.3,24.6,26.8,24.7,26.2,25.1,8.7,10.9,13.7
2019-01-12--20:38:12,NaN,NaN,NaN,NaN,NaN,NaN,NaN,NaN,NaN,20.7,20.1,18.8,13.5,9.3,20.0,19.0,16.8,12.4,8.0,28.1,24.3,20.8,28.6,22.2,18.1,28.3,20.4,11.3,24.6,26.8,24.7,26.2,25.1,8.7,10.9,13.7
2019-01-12--20:41:48,NaN,NaN,NaN,NaN,NaN,NaN,NaN,NaN,NaN,20.7,20.1,18.8,13.5,9.3,20.0,19.0,16.8,12.4,8.0,28.1,24.3,20.8,28.6,22.2,18.1,28.3,20.4,11.3,24.6,26.8,24.7,26.2,25.1,8.7,10.9,13.7
2019-01-12--20:45:24,NaN,NaN,NaN,NaN,NaN,NaN,NaN,NaN,NaN,20.7,20.1,18.9,13.5,9.3,20.0,19.0,16.8,12.5,8.0,28.1,24.3,20.8,28.5,22.2,18.1,28.3,20.4,11.3,24.6,26.8,24.7,26.2,25.1,8.7,10.9,13.7
2019-01-12--20:49:00,NaN,NaN,NaN,NaN,NaN,NaN,NaN,NaN,NaN,20.7,20.1,18.9,13.5,9.3,20.0,19.0,16.8,12.5,8.0,28.1,24.3,20.8,28.5,22.2,18.1,28.3,20.4,11.3,24.7,26.8,24.7,26.2,25.1,8.7,10.9,13.7
2019-01-12--20:52:36,NaN,NaN,NaN,NaN,NaN,NaN,NaN,NaN,NaN,20.7,20.1,18.9,13.5,9.3,20.0,19.0,16.8,12.5,8.0,28.1,24.3,20.8,28.5,22.2,18.1,28.3,20.4,11.3,24.7,26.8,24.7,26.2,25.1,8.7,10.9,13.7
2019-01-12--20:56:12,NaN,NaN,NaN,NaN,NaN,NaN,NaN,NaN,NaN,20.7,20.1,18.9,13.5,9.3,20.0,19.0,16.8,12.5,8.0,28.1,24.3,20.8,28.5,22.2,18.1,28.3,20.4,11.3,24.7,26.8,24.7,26.2,25.1,8.7,10.9,13.7
2019-01-12--20:59:48,NaN,NaN,NaN,NaN,NaN,NaN,NaN,NaN,NaN,20.7,20.1,18.9,13.5,9.3,20.0,19.0,16.8,12.5,8.0,28.1,24.3,20.8,28.5,22.2,18.1,28.3,20.4,11.3,24.7,26.8,24.7,26.2,25.1,8.7,10.9,13.7
2019-01-12--21:03:24,NaN,NaN,NaN,NaN,NaN,NaN,NaN,NaN,NaN,20.7,20.2,18.9,13.5,9.3,20.0,19.0,16.9,12.5,8.0,28.1,24.3,20.8,28.5,22.2,18.1,28.3,20.4,11.3,24.6,26.8,24.7,26.2,25.1,8.8,10.9,13.7
2019-01-12--21:07:00,NaN,NaN,NaN,NaN,NaN,NaN,NaN,NaN,NaN,20.7,20.2,18.9,13.5,9.3,20.0,19.0,16.9,12.5,8.0,28.1,24.3,20.8,28.5,22.2,18.1,28.3,20.4,11.3,24.6,26.8,24.7,26.2,25.1,8.8,10.9,13.7
2019-01-12--21:10:36,NaN,NaN,NaN,NaN,NaN,NaN,NaN,NaN,NaN,20.7,20.2,18.9,13.5,9.3,20.0,19.0,16.9,12.5,8.0,28.1,24.3,20.8,28.5,22.2,18.1,28.3,20.4,11.3,24.6,26.8,24.7,26.2,25.1,8.8,10.9,13.7
2019-01-12--21:14:12,NaN,NaN,NaN,NaN,NaN,NaN,NaN,NaN,NaN,20.7,20.2,18.9,13.5,9.3,20.0,19.0,16.9,12.5,8.0,28.1,24.3,20.8,28.5,22.2,18.1,28.3,20.4,11.3,24.6,26.8,24.7,26.2,25.1,8.8,10.9,13.7
2019-01-12--21:17:48,NaN,NaN,NaN,NaN,NaN,NaN,NaN,NaN,NaN,20.7,20.2,18.9,13.6,9.4,20.0,19.0,16.9,12.5,8.0,28.1,24.3,20.8,28.5,22.2,18.2,28.3,20.4,11.3,24.6,26.8,24.7,26.2,25.1,8.7,10.9,13.7
2019-01-12--21:21:24,NaN,NaN,NaN,NaN,NaN,NaN,NaN,NaN,NaN,20.7,20.2,18.9,13.6,9.4,20.0,19.0,16.9,12.5,8.0,28.1,24.3,20.8,28.5,22.2,18.2,28.3,20.4,11.3,24.6,26.8,24.7,26.2,25.1,8.7,10.9,13.7
2019-01-12--21:25:00,NaN,NaN,NaN,NaN,NaN,NaN,NaN,NaN,NaN,20.7,20.2,18.9,13.6,9.4,20.0,19.0,16.9,12.5,8.0,28.1,24.3,20.8,28.5,22.2,18.2,28.3,20.4,11.3,24.6,26.8,24.7,26.2,25.1,8.7,10.9,13.7
2019-01-12--21:28:36,NaN,NaN,NaN,NaN,NaN,NaN,NaN,NaN,NaN,20.7,20.2,18.9,13.6,9.4,20.0,19.0,16.9,12.5,8.0,28.1,24.3,20.8,28.5,22.2,18.2,28.3,20.4,11.3,24.6,26.8,24.7,26.2,25.1,8.7,10.9,13.7
2019-01-12--21:32:12,NaN,NaN,NaN,NaN,NaN,NaN,NaN,NaN,NaN,20.7,20.2,18.9,13.6,9.4,20.1,19.0,16.9,12.5,8.1,28.0,24.3,20.8,28.5,22.2,18.2,28.3,20.5,11.3,24.6,26.8,24.8,26.2,25.1,8.7,10.9,13.7
2019-01-12--21:35:48,NaN,NaN,NaN,NaN,NaN,NaN,NaN,NaN,NaN,20.7,20.2,18.9,13.6,9.4,20.1,19.0,16.9,12.5,8.1,28.0,24.3,20.8,28.5,22.2,18.2,28.3,20.5,11.3,24.6,26.8,24.8,26.2,25.1,8.7,10.9,13.7
2019-01-12--21:39:24,NaN,NaN,NaN,NaN,NaN,NaN,NaN,NaN,NaN,20.7,20.2,18.9,13.6,9.4,20.1,19.0,16.9,12.5,8.1,28.0,24.3,20.8,28.5,22.2,18.2,28.3,20.5,11.3,24.6,26.8,24.8,26.2,25.1,8.7,10.9,13.7
2019-01-12--21:43:00,NaN,NaN,NaN,NaN,NaN,NaN,NaN,NaN,NaN,20.7,20.2,18.9,13.6,9.4,20.1,19.0,16.9,12.5,8.1,28.0,24.3,20.8,28.5,22.2,18.2,28.3,20.5,11.3,24.6,26.8,24.8,26.2,25.1,8.7,10.9,13.7
2019-01-12--21:46:36,NaN,NaN,NaN,NaN,NaN,NaN,NaN,NaN,NaN,20.7,20.2,18.9,13.6,9.4,20.1,19.1,16.9,12.6,8.1,27.9,24.3,20.8,28.5,22.3,18.2,28.3,20.5,11.3,24.6,26.8,24.7,26.2,25.1,8.7,10.9,13.7
2019-01-12--21:50:12,NaN,NaN,NaN,NaN,NaN,NaN,NaN,NaN,NaN,20.7,20.2,18.9,13.6,9.4,20.1,19.1,16.9,12.6,8.1,27.9,24.3,20.8,28.5,22.3,18.2,28.3,20.5,11.3,24.6,26.8,24.7,26.2,25.1,8.7,10.9,13.7
2019-01-12--21:53:48,NaN,NaN,NaN,NaN,NaN,NaN,NaN,NaN,NaN,20.7,20.2,18.9,13.6,9.4,20.1,19.1,16.9,12.6,8.1,27.9,24.3,20.8,28.5,22.3,18.2,28.3,20.5,11.3,24.6,26.8,24.7,26.2,25.1,8.7,10.9,13.7
2019-01-12--21:57:24,NaN,NaN,NaN,NaN,NaN,NaN,NaN,NaN,NaN,20.7,20.2,18.9,13.6,9.4,20.1,19.1,16.9,12.6,8.1,27.9,24.3,20.8,28.5,22.3,18.2,28.3,20.5,11.3,24.6,26.8,24.7,26.2,25.1,8.7,10.9,13.7
2019-01-12--22:01:00,NaN,NaN,NaN,NaN,NaN,NaN,NaN,NaN,NaN,20.7,20.2,19.0,13.6,9.4,20.1,19.1,16.9,12.6,8.1,27.9,24.3,20.8,28.5,22.3,18.2,28.3,20.5,11.3,24.7,26.8,24.8,26.2,25.2,8.7,10.9,13.7
2019-01-12--22:04:36,NaN,NaN,NaN,NaN,NaN,NaN,NaN,NaN,NaN,20.7,20.2,19.0,13.6,9.4,20.1,19.1,16.9,12.6,8.1,27.9,24.3,20.8,28.5,22.3,18.2,28.3,20.5,11.3,24.7,26.8,24.8,26.2,25.2,8.7,10.9,13.7
2019-01-12--22:08:12,NaN,NaN,NaN,NaN,NaN,NaN,NaN,NaN,NaN,20.7,20.2,19.0,13.6,9.4,20.1,19.1,16.9,12.6,8.1,27.9,24.3,20.8,28.5,22.3,18.2,28.3,20.5,11.3,24.7,26.8,24.8,26.2,25.2,8.7,10.9,13.7
2019-01-12--22:11:48,NaN,NaN,NaN,NaN,NaN,NaN,NaN,NaN,NaN,20.7,20.2,19.0,13.6,9.4,20.1,19.1,16.9,12.6,8.1,27.9,24.3,20.8,28.5,22.3,18.2,28.3,20.5,11.3,24.7,26.8,24.8,26.2,25.2,8.7,10.9,13.7
2019-01-12--22:15:24,NaN,NaN,NaN,NaN,NaN,NaN,NaN,NaN,NaN,20.8,20.2,19.0,13.6,9.5,20.1,19.1,17.0,12.6,8.1,27.8,24.2,20.8,28.5,22.3,18.2,28.3,20.5,11.3,24.7,26.8,24.8,26.2,25.2,8.7,10.9,13.7
2019-01-12--22:19:00,NaN,NaN,NaN,NaN,NaN,NaN,NaN,NaN,NaN,20.8,20.2,19.0,13.6,9.5,20.1,19.1,17.0,12.6,8.1,27.8,24.2,20.8,28.5,22.3,18.2,28.3,20.5,11.3,24.7,26.8,24.8,26.2,25.2,8.7,10.9,13.7
2019-01-12--22:22:36,NaN,NaN,NaN,NaN,NaN,NaN,NaN,NaN,NaN,20.8,20.2,19.0,13.6,9.5,20.1,19.1,17.0,12.6,8.1,27.8,24.2,20.8,28.5,22.3,18.2,28.3,20.5,11.3,24.7,26.8,24.8,26.2,25.2,8.7,10.9,13.7
2019-01-12--22:26:12,NaN,NaN,NaN,NaN,NaN,NaN,NaN,NaN,NaN,20.8,20.2,19.0,13.6,9.5,20.1,19.1,17.0,12.6,8.1,27.8,24.2,20.8,28.5,22.3,18.2,28.3,20.5,11.3,24.7,26.8,24.8,26.2,25.2,8.7,10.9,13.7
2019-01-12--22:29:48,NaN,NaN,NaN,NaN,NaN,NaN,NaN,NaN,NaN,20.8,20.2,19.0,13.6,9.5,20.1,19.1,17.0,12.6,8.1,27.8,24.2,20.8,28.5,22.3,18.2,28.3,20.5,11.3,24.7,26.8,24.8,26.2,25.2,8.7,10.9,13.7
2019-01-12--22:33:24,NaN,NaN,NaN,NaN,NaN,NaN,NaN,NaN,NaN,20.8,20.3,19.0,13.7,9.5,20.1,19.1,17.0,12.6,8.2,27.7,24.2,20.8,28.5,22.3,18.2,28.3,20.5,11.3,24.7,26.7,24.8,26.2,25.2,8.7,10.9,13.7
2019-01-12--22:37:00,NaN,NaN,NaN,NaN,NaN,NaN,NaN,NaN,NaN,20.8,20.3,19.0,13.7,9.5,20.1,19.1,17.0,12.6,8.2,27.7,24.2,20.8,28.5,22.3,18.2,28.3,20.5,11.3,24.7,26.7,24.8,26.2,25.2,8.7,10.9,13.7
2019-01-12--22:40:36,NaN,NaN,NaN,NaN,NaN,NaN,NaN,NaN,NaN,20.8,20.3,19.0,13.7,9.5,20.1,19.1,17.0,12.6,8.2,27.7,24.2,20.8,28.5,22.3,18.2,28.3,20.5,11.3,24.7,26.7,24.8,26.2,25.2,8.7,10.9,13.7
2019-01-12--22:44:12,NaN,NaN,NaN,NaN,NaN,NaN,NaN,NaN,NaN,20.8,20.3,19.0,13.7,9.5,20.1,19.1,17.0,12.6,8.2,27.7,24.2,20.8,28.5,22.3,18.2,28.3,20.5,11.3,24.7,26.7,24.8,26.2,25.2,8.7,10.9,13.7
2019-01-12--22:47:48,NaN,NaN,NaN,NaN,NaN,NaN,NaN,NaN,NaN,20.8,20.3,19.0,13.7,9.5,20.1,19.1,17.0,12.7,8.2,27.6,24.2,20.7,28.5,22.3,18.2,28.4,20.5,11.3,24.7,26.7,24.8,26.3,25.2,8.7,10.9,13.7
2019-01-12--22:51:24,NaN,NaN,NaN,NaN,NaN,NaN,NaN,NaN,NaN,20.8,20.3,19.0,13.7,9.5,20.1,19.1,17.0,12.7,8.2,27.6,24.2,20.7,28.5,22.3,18.2,28.4,20.5,11.3,24.7,26.7,24.8,26.3,25.2,8.7,10.9,13.7
2019-01-12--22:55:00,NaN,NaN,NaN,NaN,NaN,NaN,NaN,NaN,NaN,20.8,20.3,19.0,13.7,9.5,20.1,19.1,17.0,12.7,8.2,27.6,24.2,20.7,28.5,22.3,18.2,28.4,20.5,11.3,24.7,26.7,24.8,26.3,25.2,8.7,10.9,13.7
2019-01-12--22:58:36,NaN,NaN,NaN,NaN,NaN,NaN,NaN,NaN,NaN,20.8,20.3,19.0,13.7,9.5,20.1,19.1,17.0,12.7,8.2,27.6,24.2,20.7,28.5,22.3,18.2,28.4,20.5,11.3,24.7,26.7,24.8,26.3,25.2,8.7,10.9,13.7
2019-01-12--23:02:12,NaN,NaN,NaN,NaN,NaN,NaN,NaN,NaN,NaN,20.8,20.3,19.0,13.7,9.5,20.2,19.1,17.0,12.7,8.2,27.6,24.2,20.7,28.5,22.3,18.2,28.4,20.5,11.3,24.7,26.7,24.8,26.3,25.2,8.7,10.9,13.7
2019-01-12--23:05:48,NaN,NaN,NaN,NaN,NaN,NaN,NaN,NaN,NaN,20.8,20.3,19.0,13.7,9.5,20.2,19.1,17.0,12.7,8.2,27.6,24.2,20.7,28.5,22.3,18.2,28.4,20.5,11.3,24.7,26.7,24.8,26.3,25.2,8.7,10.9,13.7
2019-01-12--23:09:24,NaN,NaN,NaN,NaN,NaN,NaN,NaN,NaN,NaN,20.8,20.3,19.0,13.7,9.5,20.2,19.1,17.0,12.7,8.2,27.6,24.2,20.7,28.5,22.3,18.2,28.4,20.5,11.3,24.7,26.7,24.8,26.3,25.2,8.7,10.9,13.7
2019-01-12--23:13:00,NaN,NaN,NaN,NaN,NaN,NaN,NaN,NaN,NaN,20.8,20.3,19.0,13.7,9.5,20.2,19.1,17.0,12.7,8.2,27.6,24.2,20.7,28.5,22.3,18.2,28.4,20.5,11.3,24.7,26.7,24.8,26.3,25.2,8.7,10.9,13.7
2019-01-12--23:16:36,NaN,NaN,NaN,NaN,NaN,NaN,NaN,NaN,NaN,20.8,20.3,19.1,13.7,9.6,20.2,19.2,17.1,12.7,8.2,27.5,24.2,20.7,28.6,22.3,18.2,28.4,20.5,11.3,24.7,26.7,24.8,26.3,25.2,8.7,10.9,13.7
2019-01-12--23:20:12,NaN,NaN,NaN,NaN,NaN,NaN,NaN,NaN,NaN,20.8,20.3,19.1,13.7,9.6,20.2,19.2,17.1,12.7,8.2,27.5,24.2,20.7,28.6,22.3,18.2,28.4,20.5,11.3,24.7,26.7,24.8,26.3,25.2,8.7,10.9,13.7
2019-01-12--23:23:48,NaN,NaN,NaN,NaN,NaN,NaN,NaN,NaN,NaN,20.8,20.3,19.1,13.7,9.6,20.2,19.2,17.1,12.7,8.2,27.5,24.2,20.7,28.6,22.3,18.2,28.4,20.5,11.3,24.7,26.7,24.8,26.3,25.2,8.7,10.9,13.7
2019-01-12--23:27:24,NaN,NaN,NaN,NaN,NaN,NaN,NaN,NaN,NaN,20.8,20.3,19.1,13.7,9.6,20.2,19.2,17.1,12.7,8.2,27.5,24.2,20.7,28.6,22.3,18.2,28.4,20.5,11.3,24.7,26.7,24.8,26.3,25.2,8.7,10.9,13.7
2019-01-12--23:31:00,NaN,NaN,NaN,NaN,NaN,NaN,NaN,NaN,NaN,20.8,20.3,19.1,13.8,9.6,20.2,19.2,17.1,12.7,8.3,27.5,24.1,20.7,28.6,22.3,18.2,28.5,20.5,11.3,24.8,26.7,24.8,26.3,25.2,8.7,10.9,13.7
2019-01-12--23:34:36,NaN,NaN,NaN,NaN,NaN,NaN,NaN,NaN,NaN,20.8,20.3,19.1,13.8,9.6,20.2,19.2,17.1,12.7,8.3,27.5,24.1,20.7,28.6,22.3,18.2,28.5,20.5,11.3,24.8,26.7,24.8,26.3,25.2,8.7,10.9,13.7
2019-01-12--23:38:12,NaN,NaN,NaN,NaN,NaN,NaN,NaN,NaN,NaN,20.8,20.3,19.1,13.8,9.6,20.2,19.2,17.1,12.7,8.3,27.5,24.1,20.7,28.6,22.3,18.2,28.5,20.5,11.3,24.8,26.7,24.8,26.3,25.2,8.7,10.9,13.7
2019-01-12--23:41:48,NaN,NaN,NaN,NaN,NaN,NaN,NaN,NaN,NaN,20.8,20.3,19.1,13.8,9.6,20.2,19.2,17.1,12.7,8.3,27.5,24.1,20.7,28.6,22.3,18.2,28.5,20.5,11.3,24.8,26.7,24.8,26.3,25.2,8.7,10.9,13.7
2019-01-12--23:45:24,NaN,NaN,NaN,NaN,NaN,NaN,NaN,NaN,NaN,20.9,20.3,19.1,13.8,9.6,20.2,19.2,17.1,12.7,8.3,27.5,24.1,20.7,28.6,22.3,18.2,28.5,20.5,11.3,24.8,26.7,24.8,26.3,25.2,8.7,10.9,13.7
2019-01-12--23:49:00,NaN,NaN,NaN,NaN,NaN,NaN,NaN,NaN,NaN,20.9,20.3,19.1,13.8,9.6,20.2,19.2,17.1,12.7,8.3,27.6,24.1,20.7,28.6,22.3,18.2,28.5,20.5,11.3,24.8,26.7,24.8,26.3,25.3,8.7,10.9,13.7
2019-01-12--23:52:36,NaN,NaN,NaN,NaN,NaN,NaN,NaN,NaN,NaN,20.9,20.3,19.1,13.8,9.6,20.2,19.2,17.1,12.7,8.3,27.6,24.1,20.7,28.6,22.3,18.2,28.5,20.5,11.3,24.8,26.7,24.8,26.3,25.3,8.7,10.9,13.7
2019-01-12--23:56:12,NaN,NaN,NaN,NaN,NaN,NaN,NaN,NaN,NaN,20.9,20.3,19.1,13.8,9.6,20.2,19.2,17.1,12.7,8.3,27.6,24.1,20.7,28.6,22.3,18.2,28.5,20.5,11.3,24.8,26.7,24.8,26.3,25.3,8.7,10.9,13.7
2019-01-12--23:59:48,NaN,NaN,NaN,NaN,NaN,NaN,NaN,NaN,NaN,20.9,20.3,19.1,13.8,9.6,20.2,19.2,17.1,12.7,8.3,27.6,24.1,20.7,28.6,22.3,18.2,28.5,20.5,11.3,24.8,26.7,24.8,26.3,25.3,8.7,10.9,13.7
2019-01-13--00:03:24,NaN,NaN,NaN,NaN,NaN,NaN,NaN,NaN,NaN,20.9,20.4,19.1,13.8,9.6,20.2,19.2,17.1,12.8,8.3,27.6,24.1,20.7,28.6,22.3,18.2,28.5,20.6,11.3,24.8,26.7,24.7,26.4,25.2,8.7,10.9,13.7
2019-01-13--00:07:00,NaN,NaN,NaN,NaN,NaN,NaN,NaN,NaN,NaN,20.9,20.4,19.1,13.8,9.6,20.2,19.2,17.1,12.8,8.3,27.6,24.1,20.7,28.6,22.3,18.2,28.5,20.6,11.3,24.8,26.7,24.7,26.4,25.2,8.7,10.9,13.7
2019-01-13--00:10:36,NaN,NaN,NaN,NaN,NaN,NaN,NaN,NaN,NaN,20.9,20.4,19.1,13.8,9.6,20.2,19.2,17.1,12.8,8.3,27.6,24.1,20.7,28.6,22.3,18.2,28.5,20.6,11.3,24.8,26.7,24.7,26.4,25.2,8.7,10.9,13.7
2019-01-13--00:14:12,NaN,NaN,NaN,NaN,NaN,NaN,NaN,NaN,NaN,20.9,20.4,19.1,13.8,9.6,20.2,19.2,17.1,12.8,8.3,27.6,24.1,20.7,28.6,22.3,18.2,28.5,20.6,11.3,24.8,26.7,24.7,26.4,25.2,8.7,10.9,13.7
2019-01-13--00:17:48,NaN,NaN,NaN,NaN,NaN,NaN,NaN,NaN,NaN,20.9,20.4,19.1,13.8,9.7,20.2,19.2,17.1,12.8,8.3,27.7,24.1,20.7,28.6,22.3,18.2,28.5,20.6,11.3,24.8,26.7,24.7,26.4,25.3,8.7,10.9,13.7
2019-01-13--00:21:24,NaN,NaN,NaN,NaN,NaN,NaN,NaN,NaN,NaN,20.9,20.4,19.1,13.8,9.7,20.2,19.2,17.1,12.8,8.3,27.7,24.1,20.7,28.6,22.3,18.2,28.5,20.6,11.3,24.8,26.7,24.7,26.4,25.3,8.7,10.9,13.7
2019-01-13--00:25:00,NaN,NaN,NaN,NaN,NaN,NaN,NaN,NaN,NaN,20.9,20.4,19.1,13.8,9.7,20.2,19.2,17.1,12.8,8.3,27.7,24.1,20.7,28.6,22.3,18.2,28.5,20.6,11.3,24.8,26.7,24.7,26.4,25.3,8.7,10.9,13.7
2019-01-13--00:28:36,NaN,NaN,NaN,NaN,NaN,NaN,NaN,NaN,NaN,20.9,20.4,19.1,13.8,9.7,20.2,19.2,17.1,12.8,8.3,27.7,24.1,20.7,28.6,22.3,18.2,28.5,20.6,11.3,24.8,26.7,24.7,26.4,25.3,8.7,10.9,13.7
2019-01-13--00:32:12,NaN,NaN,NaN,NaN,NaN,NaN,NaN,NaN,NaN,20.9,20.4,19.2,13.9,9.7,20.3,19.3,17.1,12.8,8.3,27.8,24.1,20.7,28.6,22.3,18.2,28.5,20.6,11.3,24.8,26.7,24.7,26.4,25.3,8.7,10.9,13.7
2019-01-13--00:35:48,NaN,NaN,NaN,NaN,NaN,NaN,NaN,NaN,NaN,20.9,20.4,19.2,13.9,9.7,20.3,19.3,17.1,12.8,8.3,27.8,24.1,20.7,28.6,22.3,18.2,28.5,20.6,11.3,24.8,26.7,24.7,26.4,25.3,8.7,10.9,13.7
2019-01-13--00:39:24,NaN,NaN,NaN,NaN,NaN,NaN,NaN,NaN,NaN,20.9,20.4,19.2,13.9,9.7,20.3,19.3,17.1,12.8,8.3,27.8,24.1,20.7,28.6,22.3,18.2,28.5,20.6,11.3,24.8,26.7,24.7,26.4,25.3,8.7,10.9,13.7
2019-01-13--00:43:00,NaN,NaN,NaN,NaN,NaN,NaN,NaN,NaN,NaN,20.9,20.4,19.2,13.9,9.7,20.3,19.3,17.1,12.8,8.3,27.8,24.1,20.7,28.6,22.3,18.2,28.5,20.6,11.3,24.8,26.7,24.7,26.4,25.3,8.7,10.9,13.7
2019-01-13--00:46:36,NaN,NaN,NaN,NaN,NaN,NaN,NaN,NaN,NaN,20.9,20.4,19.2,13.9,9.7,20.3,19.3,17.2,12.9,8.4,27.9,24.1,20.7,28.6,22.4,18.3,28.5,20.6,11.3,24.8,26.8,24.7,26.4,25.3,8.7,10.9,13.7
2019-01-13--00:50:12,NaN,NaN,NaN,NaN,NaN,NaN,NaN,NaN,NaN,20.9,20.4,19.2,13.9,9.7,20.3,19.3,17.2,12.9,8.4,27.9,24.1,20.7,28.6,22.4,18.3,28.5,20.6,11.3,24.8,26.8,24.7,26.4,25.3,8.7,10.9,13.7
2019-01-13--00:53:48,NaN,NaN,NaN,NaN,NaN,NaN,NaN,NaN,NaN,20.9,20.4,19.2,13.9,9.7,20.3,19.3,17.2,12.9,8.4,27.9,24.1,20.7,28.6,22.4,18.3,28.5,20.6,11.3,24.8,26.8,24.7,26.4,25.3,8.7,10.9,13.7
2019-01-13--00:57:24,NaN,NaN,NaN,NaN,NaN,NaN,NaN,NaN,NaN,20.9,20.4,19.2,13.9,9.7,20.3,19.3,17.2,12.9,8.4,27.9,24.1,20.7,28.6,22.4,18.3,28.5,20.6,11.3,24.8,26.8,24.7,26.4,25.3,8.7,10.9,13.7
2019-01-13--01:01:00,NaN,NaN,NaN,NaN,NaN,NaN,NaN,NaN,NaN,20.9,20.4,19.2,13.9,9.7,20.3,19.3,17.2,12.9,8.4,27.9,24.1,20.7,28.6,22.4,18.3,28.5,20.6,11.3,24.8,26.8,24.7,26.4,25.3,8.7,10.9,13.7
2019-01-13--01:04:36,NaN,NaN,NaN,NaN,NaN,NaN,NaN,NaN,NaN,NaN,NaN,NaN,NaN,NaN,NaN,NaN,NaN,NaN,NaN,NaN,NaN,NaN,NaN,NaN,NaN,NaN,NaN,NaN,NaN,NaN,NaN,NaN,NaN,NaN,NaN,NaN
