x,649,APAR_30.1,APAR_31.2,APAR_32.3,APAR_33.4,APAR_34.5
2019-01-12--23:52:48,NaN,36.2,37.8,40.2,63.1,85.1
2019-01-12--23:56:24,NaN,36.3,37.8,40.2,63.1,85.1
2019-01-13--00:00:00,NaN,36.3,37.8,40.2,63.1,85.1
2019-01-13--00:03:36,NaN,36.3,37.9,40.2,63.1,85.1
2019-01-13--00:07:12,NaN,36.3,37.9,40.2,63.1,85.1
2019-01-13--00:10:48,NaN,36.3,37.9,40.2,63.1,85.1
2019-01-13--00:14:24,NaN,36.3,37.9,40.2,63.1,85.1
2019-01-13--00:18:00,NaN,36.3,37.9,40.2,63.1,85.2
2019-01-13--00:21:36,NaN,36.3,37.9,40.2,63.1,85.2
2019-01-13--00:25:12,NaN,36.3,37.9,40.2,63.1,85.2
2019-01-13--00:28:48,NaN,36.3,37.9,40.2,63.1,85.2
2019-01-13--00:32:24,NaN,36.3,37.9,40.2,63.1,85.2
2019-01-13--00:36:00,NaN,36.3,37.9,40.2,63.1,85.2
2019-01-13--00:39:36,NaN,36.3,37.9,40.2,63.1,85.2
2019-01-13--00:43:12,NaN,36.3,37.9,40.2,63.1,85.2
2019-01-13--00:46:48,NaN,36.3,37.9,40.2,63.2,85.2
2019-01-13--00:50:24,NaN,36.3,37.9,40.2,63.2,85.2
2019-01-13--00:54:00,NaN,36.3,37.9,40.2,63.2,85.2
2019-01-13--00:57:36,NaN,36.3,37.9,40.2,63.2,85.2
2019-01-13--01:01:12,NaN,36.4,37.9,40.3,63.2,85.2
2019-01-13--01:04:48,NaN,36.4,37.9,40.3,63.2,85.2
2019-01-13--01:08:24,NaN,36.4,37.9,40.3,63.2,85.2
2019-01-13--01:12:00,NaN,36.4,37.9,40.3,63.2,85.2
2019-01-13--01:15:36,NaN,36.4,37.9,40.3,63.2,85.2
2019-01-13--01:19:12,NaN,36.4,37.9,40.3,63.2,85.2
2019-01-13--01:22:48,NaN,36.4,37.9,40.3,63.2,85.2
2019-01-13--01:26:24,NaN,36.4,37.9,40.3,63.2,85.2
2019-01-13--01:30:00,NaN,36.4,37.9,40.3,63.2,85.2
2019-01-13--01:33:36,NaN,36.5,38.0,40.3,63.2,85.3
2019-01-13--01:37:12,NaN,36.5,38.0,40.3,63.2,85.3
2019-01-13--01:40:48,NaN,36.5,38.0,40.3,63.2,85.3
2019-01-13--01:44:24,NaN,36.5,38.0,40.3,63.2,85.3
2019-01-13--01:48:00,NaN,36.5,38.0,40.3,63.2,85.3
2019-01-13--01:51:36,NaN,36.5,38.0,40.3,63.2,85.3
2019-01-13--01:55:12,NaN,36.5,38.0,40.3,63.2,85.3
2019-01-13--01:58:48,NaN,36.5,38.0,40.3,63.2,85.3
2019-01-13--02:02:24,NaN,36.6,38.1,40.3,63.3,85.3
2019-01-13--02:06:00,NaN,36.6,38.1,40.3,63.3,85.3
2019-01-13--02:09:36,NaN,36.6,38.1,40.3,63.3,85.3
2019-01-13--02:13:12,NaN,36.6,38.1,40.3,63.3,85.3
2019-01-13--02:16:48,NaN,36.6,38.1,40.3,63.3,85.3
2019-01-13--02:20:24,NaN,36.6,38.1,40.3,63.3,85.3
2019-01-13--02:24:00,NaN,36.6,38.1,40.3,63.3,85.3
2019-01-13--02:27:36,NaN,36.6,38.1,40.3,63.3,85.3
2019-01-13--02:31:12,NaN,36.6,38.1,40.4,63.3,85.3
2019-01-13--02:34:48,NaN,36.6,38.1,40.4,63.3,85.3
2019-01-13--02:38:24,NaN,36.6,38.1,40.4,63.3,85.3
2019-01-13--02:42:00,NaN,36.6,38.1,40.4,63.3,85.3
2019-01-13--02:45:36,NaN,36.6,38.1,40.4,63.3,85.3
2019-01-13--02:49:12,NaN,36.6,38.1,40.4,63.3,85.3
2019-01-13--02:52:48,NaN,36.6,38.1,40.4,63.3,85.3
2019-01-13--02:56:24,NaN,36.6,38.1,40.4,63.3,85.3
2019-01-13--03:00:00,NaN,36.6,38.1,40.4,63.3,85.3
2019-01-13--03:03:36,NaN,36.6,38.1,40.4,63.3,85.3
2019-01-13--03:07:12,NaN,36.6,38.1,40.4,63.3,85.3
2019-01-13--03:10:48,NaN,36.6,38.1,40.4,63.3,85.3
2019-01-13--03:14:24,NaN,36.6,38.1,40.4,63.3,85.3
2019-01-13--03:18:00,NaN,36.7,38.2,40.4,63.4,85.3
2019-01-13--03:21:36,NaN,36.7,38.2,40.4,63.4,85.3
2019-01-13--03:25:12,NaN,36.7,38.2,40.4,63.4,85.3
2019-01-13--03:28:48,NaN,36.7,38.2,40.4,63.4,85.3
2019-01-13--03:32:24,NaN,36.7,38.2,40.5,63.4,85.4
2019-01-13--03:36:00,NaN,36.7,38.2,40.5,63.4,85.4
2019-01-13--03:39:36,NaN,36.7,38.2,40.5,63.4,85.4
2019-01-13--03:43:12,NaN,36.7,38.2,40.5,63.4,85.4
2019-01-13--03:46:48,NaN,36.7,38.2,40.5,63.4,85.4
2019-01-13--03:50:24,NaN,36.7,38.2,40.5,63.4,85.4
2019-01-13--03:54:00,NaN,36.7,38.2,40.5,63.4,85.4
2019-01-13--03:57:36,NaN,36.7,38.2,40.5,63.4,85.4
2019-01-13--04:01:12,NaN,36.8,38.3,40.5,63.4,85.4
2019-01-13--04:04:48,NaN,36.8,38.3,40.5,63.4,85.4
2019-01-13--04:08:24,NaN,36.8,38.3,40.5,63.4,85.4
2019-01-13--04:12:00,NaN,36.8,38.3,40.5,63.4,85.4
2019-01-13--04:15:36,NaN,36.8,38.3,40.5,63.5,85.4
2019-01-13--04:19:12,NaN,36.8,38.3,40.5,63.5,85.4
2019-01-13--04:22:48,NaN,36.8,38.3,40.5,63.5,85.4
2019-01-13--04:26:24,NaN,36.8,38.3,40.5,63.5,85.4
2019-01-13--04:30:00,NaN,36.8,38.3,40.5,63.5,85.4
2019-01-13--04:33:36,NaN,36.7,38.3,40.6,63.5,85.4
2019-01-13--04:37:12,NaN,36.7,38.3,40.6,63.5,85.4
2019-01-13--04:40:48,NaN,36.7,38.3,40.6,63.5,85.4
2019-01-13--04:44:24,NaN,36.7,38.3,40.6,63.5,85.4
2019-01-13--04:48:00,NaN,36.7,38.2,40.6,63.5,85.4
2019-01-13--04:51:36,NaN,36.7,38.2,40.6,63.5,85.4
2019-01-13--04:55:12,NaN,36.7,38.2,40.6,63.5,85.4
2019-01-13--04:58:48,NaN,36.7,38.2,40.6,63.5,85.4
2019-01-13--05:02:24,NaN,36.8,38.3,40.6,63.5,85.4
2019-01-13--05:06:00,NaN,36.8,38.3,40.6,63.5,85.4
2019-01-13--05:09:36,NaN,36.8,38.3,40.6,63.5,85.4
2019-01-13--05:13:12,NaN,36.8,38.3,40.6,63.5,85.4
2019-01-13--05:16:48,NaN,36.8,38.3,40.6,63.6,85.5
2019-01-13--05:20:24,NaN,36.8,38.3,40.6,63.6,85.5
2019-01-13--05:24:00,NaN,36.8,38.3,40.6,63.6,85.5
2019-01-13--05:27:36,NaN,36.8,38.3,40.6,63.6,85.5
2019-01-13--05:31:12,NaN,36.8,38.3,40.7,63.6,85.5
2019-01-13--05:34:48,NaN,36.8,38.3,40.7,63.6,85.5
2019-01-13--05:38:24,NaN,36.8,38.3,40.7,63.6,85.5
2019-01-13--05:42:00,NaN,36.8,38.3,40.7,63.6,85.5
2019-01-13--05:45:36,NaN,36.9,38.4,40.7,63.6,85.5
2019-01-13--05:49:12,NaN,36.9,38.4,40.7,63.6,85.5
2019-01-13--05:52:48,NaN,36.9,38.4,40.7,63.6,85.5
2019-01-13--05:56:24,NaN,36.9,38.4,40.7,63.6,85.5
2019-01-13--06:00:00,NaN,36.9,38.4,40.7,63.6,85.5
2019-01-13--06:03:36,NaN,36.9,38.4,40.7,63.6,85.5
2019-01-13--06:07:12,NaN,36.9,38.4,40.7,63.6,85.5
2019-01-13--06:10:48,NaN,36.9,38.4,40.7,63.6,85.5
2019-01-13--06:14:24,NaN,36.9,38.4,40.7,63.6,85.5
2019-01-13--06:18:00,NaN,36.9,38.4,40.8,63.6,85.5
2019-01-13--06:21:36,NaN,36.9,38.4,40.8,63.6,85.5
2019-01-13--06:25:12,NaN,36.9,38.4,40.8,63.6,85.5
2019-01-13--06:28:48,NaN,36.9,38.4,40.8,63.6,85.5
2019-01-13--06:32:24,NaN,36.9,38.4,40.8,63.6,85.5
2019-01-13--06:36:00,NaN,36.9,38.4,40.8,63.6,85.5
2019-01-13--06:39:36,NaN,36.9,38.4,40.8,63.6,85.5
2019-01-13--06:43:12,NaN,36.9,38.4,40.8,63.6,85.5
2019-01-13--06:46:48,NaN,37.0,38.5,40.8,63.6,85.6
2019-01-13--06:50:24,NaN,37.0,38.5,40.8,63.6,85.6
2019-01-13--06:54:00,NaN,37.0,38.5,40.8,63.6,85.6
2019-01-13--06:57:36,NaN,37.0,38.5,40.8,63.6,85.6
2019-01-13--07:01:12,NaN,37.0,38.5,40.9,63.6,85.6
2019-01-13--07:04:48,NaN,37.0,38.5,40.9,63.6,85.6
2019-01-13--07:08:24,NaN,37.0,38.5,40.9,63.6,85.6
2019-01-13--07:12:00,NaN,37.0,38.5,40.9,63.6,85.6
2019-01-13--07:15:36,NaN,37.1,38.6,40.9,63.7,85.6
2019-01-13--07:19:12,NaN,37.1,38.6,40.9,63.7,85.6
2019-01-13--07:22:48,NaN,37.1,38.6,40.9,63.7,85.6
2019-01-13--07:26:24,NaN,37.1,38.6,40.9,63.7,85.6
2019-01-13--07:30:00,NaN,37.1,38.6,40.9,63.7,85.6
2019-01-13--07:33:36,NaN,37.2,38.6,40.9,63.7,85.6
2019-01-13--07:37:12,NaN,37.2,38.6,40.9,63.7,85.6
2019-01-13--07:40:48,NaN,37.2,38.6,40.9,63.7,85.6
2019-01-13--07:44:24,NaN,37.2,38.6,40.9,63.7,85.6
2019-01-13--07:48:00,NaN,37.2,38.7,40.9,63.7,85.6
2019-01-13--07:51:36,NaN,37.2,38.7,40.9,63.7,85.6
2019-01-13--07:55:12,NaN,37.2,38.7,40.9,63.7,85.6
2019-01-13--07:58:48,NaN,37.2,38.7,40.9,63.7,85.6
2019-01-13--08:02:24,NaN,37.2,38.7,41.0,63.7,85.7
2019-01-13--08:06:00,NaN,37.2,38.7,41.0,63.7,85.7
2019-01-13--08:09:36,NaN,37.2,38.7,41.0,63.7,85.7
2019-01-13--08:13:12,NaN,37.2,38.7,41.0,63.7,85.7
2019-01-13--08:16:48,NaN,37.2,38.7,41.0,63.7,85.7
2019-01-13--08:20:24,NaN,37.2,38.7,41.0,63.7,85.7
2019-01-13--08:24:00,NaN,37.2,38.7,41.0,63.7,85.7
2019-01-13--08:27:36,NaN,37.2,38.7,41.0,63.7,85.7
2019-01-13--08:31:12,NaN,37.2,38.7,41.0,63.7,85.7
2019-01-13--08:34:48,NaN,37.2,38.7,41.0,63.7,85.7
2019-01-13--08:38:24,NaN,37.2,38.7,41.0,63.7,85.7
2019-01-13--08:42:00,NaN,37.2,38.7,41.0,63.7,85.7
2019-01-13--08:45:36,NaN,37.2,38.7,41.0,63.7,85.7
2019-01-13--08:49:12,NaN,37.2,38.7,41.0,63.7,85.7
2019-01-13--08:52:48,NaN,37.2,38.7,41.0,63.7,85.7
2019-01-13--08:56:24,NaN,37.2,38.7,41.0,63.7,85.7
2019-01-13--09:00:00,NaN,37.2,38.7,41.0,63.7,85.7
2019-01-13--09:03:36,NaN,37.3,38.8,41.0,63.8,85.7
2019-01-13--09:07:12,NaN,37.3,38.8,41.0,63.8,85.7
2019-01-13--09:10:48,NaN,37.3,38.8,41.0,63.8,85.7
2019-01-13--09:14:24,NaN,37.3,38.8,41.0,63.8,85.7
2019-01-13--09:18:00,NaN,37.3,38.8,41.1,63.8,85.7
2019-01-13--09:21:36,NaN,37.3,38.8,41.1,63.8,85.7
2019-01-13--09:25:12,NaN,37.3,38.8,41.1,63.8,85.7
2019-01-13--09:28:48,NaN,37.3,38.8,41.1,63.8,85.7
2019-01-13--09:32:24,NaN,37.3,38.8,41.1,63.8,85.8
2019-01-13--09:36:00,NaN,37.3,38.8,41.1,63.8,85.8
2019-01-13--09:39:36,NaN,37.3,38.8,41.1,63.8,85.8
2019-01-13--09:43:12,NaN,37.3,38.8,41.1,63.8,85.8
2019-01-13--09:46:48,NaN,37.3,38.8,41.1,63.8,85.8
2019-01-13--09:50:24,NaN,37.3,38.8,41.1,63.8,85.8
2019-01-13--09:54:00,NaN,37.3,38.8,41.1,63.8,85.8
2019-01-13--09:57:36,NaN,37.3,38.8,41.1,63.8,85.8
2019-01-13--10:01:12,NaN,37.4,38.9,41.1,63.8,85.8
2019-01-13--10:04:48,NaN,37.4,38.9,41.1,63.8,85.8
2019-01-13--10:08:24,NaN,37.4,38.9,41.1,63.8,85.8
2019-01-13--10:12:00,NaN,37.4,38.9,41.1,63.8,85.8
2019-01-13--10:15:36,NaN,37.4,38.9,41.1,63.8,85.8
2019-01-13--10:19:12,NaN,37.4,38.9,41.1,63.8,85.8
2019-01-13--10:22:48,NaN,37.4,38.9,41.1,63.8,85.8
2019-01-13--10:26:24,NaN,37.4,38.9,41.1,63.8,85.8
2019-01-13--10:30:00,NaN,37.4,38.9,41.1,63.8,85.8
2019-01-13--10:33:36,NaN,37.5,39.0,41.2,63.9,85.9
2019-01-13--10:37:12,NaN,37.5,39.0,41.2,63.9,85.9
2019-01-13--10:40:48,NaN,37.5,39.0,41.2,63.9,85.9
2019-01-13--10:44:24,NaN,37.5,39.0,41.2,63.9,85.9
2019-01-13--10:48:00,NaN,37.5,39.0,41.2,63.9,85.9
2019-01-13--10:51:36,NaN,37.5,39.0,41.2,63.9,85.9
2019-01-13--10:55:12,NaN,37.5,39.0,41.2,63.9,85.9
2019-01-13--10:58:48,NaN,37.5,39.0,41.2,63.9,85.9
2019-01-13--11:02:24,NaN,37.5,39.0,41.2,63.9,85.9
2019-01-13--11:06:00,NaN,37.5,39.0,41.2,63.9,85.9
2019-01-13--11:09:36,NaN,37.5,39.0,41.2,63.9,85.9
2019-01-13--11:13:12,NaN,37.5,39.0,41.2,63.9,85.9
2019-01-13--11:16:48,NaN,37.6,39.0,41.2,63.9,85.9
2019-01-13--11:20:24,NaN,37.6,39.0,41.2,63.9,85.9
2019-01-13--11:24:00,NaN,37.6,39.0,41.2,63.9,85.9
2019-01-13--11:27:36,NaN,37.6,39.0,41.2,63.9,85.9
2019-01-13--11:31:12,NaN,37.6,39.1,41.3,63.9,85.9
2019-01-13--11:34:48,NaN,37.6,39.1,41.3,63.9,85.9
2019-01-13--11:38:24,NaN,37.6,39.1,41.3,63.9,85.9
2019-01-13--11:42:00,NaN,37.6,39.1,41.3,63.9,85.9
2019-01-13--11:45:36,NaN,37.6,39.1,41.3,63.9,85.9
2019-01-13--11:49:12,NaN,37.6,39.1,41.3,63.9,85.9
2019-01-13--11:52:48,NaN,37.6,39.1,41.3,63.9,85.9
2019-01-13--11:56:24,NaN,37.6,39.1,41.3,63.9,85.9
2019-01-13--12:00:00,NaN,37.6,39.1,41.3,63.9,85.9
2019-01-13--12:03:36,NaN,37.6,39.1,41.3,64.0,85.9
2019-01-13--12:07:12,NaN,37.6,39.1,41.3,64.0,85.9
2019-01-13--12:10:48,NaN,37.6,39.1,41.3,64.0,85.9
2019-01-13--12:14:24,NaN,37.6,39.1,41.3,64.0,85.9
2019-01-13--12:18:00,NaN,37.6,39.1,41.3,64.0,86.0
2019-01-13--12:21:36,NaN,37.6,39.1,41.3,64.0,86.0
2019-01-13--12:25:12,NaN,37.6,39.1,41.3,64.0,86.0
2019-01-13--12:28:48,NaN,37.6,39.1,41.3,64.0,86.0
2019-01-13--12:32:24,NaN,37.6,39.1,41.3,64.0,86.0
2019-01-13--12:36:00,NaN,37.6,39.1,41.3,64.0,86.0
2019-01-13--12:39:36,NaN,37.6,39.1,41.3,64.0,86.0
2019-01-13--12:43:12,NaN,37.6,39.1,41.3,64.0,86.0
2019-01-13--12:46:48,NaN,37.7,39.1,41.4,64.1,86.0
2019-01-13--12:50:24,NaN,37.7,39.1,41.4,64.1,86.0
2019-01-13--12:54:00,NaN,37.7,39.1,41.4,64.1,86.0
2019-01-13--12:57:36,NaN,37.7,39.1,41.4,64.1,86.0
2019-01-13--13:01:12,NaN,37.7,39.2,41.4,64.1,86.0
2019-01-13--13:04:48,NaN,37.7,39.2,41.4,64.1,86.0
2019-01-13--13:08:24,NaN,37.7,39.2,41.4,64.1,86.0
2019-01-13--13:12:00,NaN,37.7,39.2,41.4,64.1,86.0
2019-01-13--13:15:36,NaN,37.8,39.2,41.4,64.1,86.0
2019-01-13--13:19:12,NaN,37.8,39.2,41.4,64.1,86.0
2019-01-13--13:22:48,NaN,37.8,39.2,41.4,64.1,86.0
2019-01-13--13:26:24,NaN,37.8,39.2,41.4,64.1,86.0
2019-01-13--13:30:00,NaN,37.8,39.2,41.4,64.1,86.0
2019-01-13--13:33:36,NaN,37.8,39.3,41.4,64.1,86.0
2019-01-13--13:37:12,NaN,37.8,39.3,41.4,64.1,86.0
2019-01-13--13:40:48,NaN,37.8,39.3,41.4,64.1,86.0
2019-01-13--13:44:24,NaN,37.8,39.3,41.4,64.1,86.0
2019-01-13--13:48:00,NaN,37.9,39.3,41.5,64.1,86.1
2019-01-13--13:51:36,NaN,37.9,39.3,41.5,64.1,86.1
2019-01-13--13:55:12,NaN,37.9,39.3,41.5,64.1,86.1
2019-01-13--13:58:48,NaN,37.9,39.3,41.5,64.1,86.1
2019-01-13--14:02:24,NaN,37.9,39.3,41.5,64.1,86.1
2019-01-13--14:06:00,NaN,37.9,39.3,41.5,64.1,86.1
2019-01-13--14:09:36,NaN,37.9,39.3,41.5,64.1,86.1
2019-01-13--14:13:12,NaN,37.9,39.3,41.5,64.1,86.1
2019-01-13--14:16:48,NaN,37.9,39.4,41.5,64.1,86.1
2019-01-13--14:20:24,NaN,37.9,39.4,41.5,64.1,86.1
2019-01-13--14:24:00,NaN,37.9,39.4,41.5,64.1,86.1
2019-01-13--14:27:36,NaN,37.9,39.4,41.5,64.1,86.1
2019-01-13--14:31:12,NaN,37.9,39.4,41.5,64.2,86.1
2019-01-13--14:34:48,NaN,37.9,39.4,41.5,64.2,86.1
2019-01-13--14:38:24,NaN,37.9,39.4,41.5,64.2,86.1
2019-01-13--14:42:00,NaN,37.9,39.4,41.5,64.2,86.1
2019-01-13--14:45:36,NaN,37.9,39.4,41.6,64.2,86.1
2019-01-13--14:49:12,NaN,37.9,39.4,41.6,64.2,86.1
2019-01-13--14:52:48,NaN,37.9,39.4,41.6,64.2,86.1
2019-01-13--14:56:24,NaN,37.9,39.4,41.6,64.2,86.1
2019-01-13--15:00:00,NaN,37.9,39.4,41.6,64.2,86.1
2019-01-13--15:03:36,NaN,37.9,39.4,41.6,64.2,86.1
2019-01-13--15:07:12,NaN,37.9,39.4,41.6,64.2,86.1
2019-01-13--15:10:48,NaN,37.9,39.4,41.6,64.2,86.1
2019-01-13--15:14:24,NaN,37.9,39.4,41.6,64.2,86.1
2019-01-13--15:18:00,NaN,37.9,39.4,41.6,64.2,86.1
2019-01-13--15:21:36,NaN,37.9,39.4,41.6,64.2,86.1
2019-01-13--15:25:12,NaN,37.9,39.4,41.6,64.2,86.1
2019-01-13--15:28:48,NaN,37.9,39.4,41.6,64.2,86.1
2019-01-13--15:32:24,NaN,38.0,39.4,41.6,64.2,86.2
2019-01-13--15:36:00,NaN,38.0,39.4,41.6,64.2,86.2
2019-01-13--15:39:36,NaN,38.0,39.4,41.6,64.2,86.2
2019-01-13--15:43:12,NaN,38.0,39.4,41.6,64.2,86.2
2019-01-13--15:46:48,NaN,38.0,39.5,41.6,64.2,86.2
2019-01-13--15:50:24,NaN,38.0,39.5,41.6,64.2,86.2
2019-01-13--15:54:00,NaN,38.0,39.5,41.6,64.2,86.2
2019-01-13--15:57:36,NaN,38.0,39.5,41.6,64.2,86.2
2019-01-13--16:01:12,NaN,38.0,39.5,41.7,64.2,86.2
2019-01-13--16:04:48,NaN,38.0,39.5,41.7,64.2,86.2
2019-01-13--16:08:24,NaN,38.0,39.5,41.7,64.2,86.2
2019-01-13--16:12:00,NaN,38.0,39.5,41.7,64.2,86.2
2019-01-13--16:15:36,NaN,38.1,39.5,41.7,64.3,86.2
2019-01-13--16:19:12,NaN,38.1,39.5,41.7,64.3,86.2
2019-01-13--16:22:48,NaN,38.1,39.5,41.7,64.3,86.2
2019-01-13--16:26:24,NaN,38.1,39.5,41.7,64.3,86.2
2019-01-13--16:30:00,NaN,38.1,39.5,41.7,64.3,86.2
2019-01-13--16:33:36,NaN,38.1,39.6,41.7,64.3,86.2
2019-01-13--16:37:12,NaN,38.1,39.6,41.7,64.3,86.2
2019-01-13--16:40:48,NaN,38.1,39.6,41.7,64.3,86.2
2019-01-13--16:44:24,NaN,38.1,39.6,41.7,64.3,86.2
2019-01-13--16:48:00,NaN,38.2,39.6,41.7,64.3,86.2
2019-01-13--16:51:36,NaN,38.2,39.6,41.7,64.3,86.2
2019-01-13--16:55:12,NaN,38.2,39.6,41.7,64.3,86.2
2019-01-13--16:58:48,NaN,38.2,39.6,41.7,64.3,86.2
2019-01-13--17:02:24,NaN,38.2,39.7,41.8,64.3,86.3
2019-01-13--17:06:00,NaN,38.2,39.7,41.8,64.3,86.3
2019-01-13--17:09:36,NaN,38.2,39.7,41.8,64.3,86.3
2019-01-13--17:13:12,NaN,38.2,39.7,41.8,64.3,86.3
2019-01-13--17:16:48,NaN,38.2,39.7,41.8,64.3,86.3
2019-01-13--17:20:24,NaN,38.2,39.7,41.8,64.3,86.3
2019-01-13--17:24:00,NaN,38.2,39.7,41.8,64.3,86.3
2019-01-13--17:27:36,NaN,38.2,39.7,41.8,64.3,86.3
2019-01-13--17:31:12,NaN,38.1,39.7,41.8,64.3,86.3
2019-01-13--17:34:48,NaN,38.1,39.7,41.8,64.3,86.3
2019-01-13--17:38:24,NaN,38.1,39.7,41.8,64.3,86.3
2019-01-13--17:42:00,NaN,38.1,39.7,41.8,64.3,86.3
2019-01-13--17:45:36,NaN,38.2,39.6,41.8,64.3,86.3
2019-01-13--17:49:12,NaN,38.2,39.6,41.8,64.3,86.3
2019-01-13--17:52:48,NaN,38.2,39.6,41.8,64.3,86.3
2019-01-13--17:56:24,NaN,38.2,39.6,41.8,64.3,86.3
2019-01-13--18:00:00,NaN,38.2,39.6,41.8,64.3,86.3
2019-01-13--18:03:36,NaN,38.2,39.6,41.8,64.3,86.3
2019-01-13--18:07:12,NaN,38.2,39.6,41.8,64.3,86.3
2019-01-13--18:10:48,NaN,38.2,39.6,41.8,64.3,86.3
2019-01-13--18:14:24,NaN,38.2,39.6,41.8,64.3,86.3
2019-01-13--18:18:00,NaN,38.2,39.7,41.9,64.4,86.3
2019-01-13--18:21:36,NaN,38.2,39.7,41.9,64.4,86.3
2019-01-13--18:25:12,NaN,38.2,39.7,41.9,64.4,86.3
2019-01-13--18:28:48,NaN,38.2,39.7,41.9,64.4,86.3
2019-01-13--18:32:24,NaN,38.2,39.7,41.9,64.4,86.3
2019-01-13--18:36:00,NaN,38.2,39.7,41.9,64.4,86.3
2019-01-13--18:39:36,NaN,38.2,39.7,41.9,64.4,86.3
2019-01-13--18:43:12,NaN,38.2,39.7,41.9,64.4,86.3
2019-01-13--18:46:48,NaN,38.3,39.8,41.9,64.4,86.3
2019-01-13--18:50:24,NaN,38.3,39.8,41.9,64.4,86.3
2019-01-13--18:54:00,NaN,38.3,39.8,41.9,64.4,86.3
2019-01-13--18:57:36,NaN,38.3,39.8,41.9,64.4,86.3
2019-01-13--19:01:12,NaN,38.3,39.8,41.9,64.4,86.3
2019-01-13--19:04:48,NaN,38.3,39.8,41.9,64.4,86.3
2019-01-13--19:08:24,NaN,38.3,39.8,41.9,64.4,86.3
2019-01-13--19:12:00,NaN,38.3,39.8,41.9,64.4,86.3
2019-01-13--19:15:36,NaN,38.4,39.8,41.9,64.4,86.4
2019-01-13--19:19:12,NaN,38.4,39.8,41.9,64.4,86.4
2019-01-13--19:22:48,NaN,38.4,39.8,41.9,64.4,86.4
2019-01-13--19:26:24,NaN,38.4,39.8,41.9,64.4,86.4
2019-01-13--19:30:00,NaN,38.4,39.8,41.9,64.4,86.4
2019-01-13--19:33:36,NaN,38.4,39.9,42.0,64.4,86.4
2019-01-13--19:37:12,NaN,38.4,39.9,42.0,64.4,86.4
2019-01-13--19:40:48,NaN,38.4,39.9,42.0,64.4,86.4
2019-01-13--19:44:24,NaN,38.4,39.9,42.0,64.4,86.4
2019-01-13--19:48:00,NaN,38.4,39.9,42.0,64.4,86.4
2019-01-13--19:51:36,NaN,38.4,39.9,42.0,64.4,86.4
2019-01-13--19:55:12,NaN,38.4,39.9,42.0,64.4,86.4
2019-01-13--19:58:48,NaN,38.4,39.9,42.0,64.4,86.4
2019-01-13--20:02:24,NaN,38.4,39.8,42.0,64.4,86.4
2019-01-13--20:06:00,NaN,38.4,39.8,42.0,64.4,86.4
2019-01-13--20:09:36,NaN,38.4,39.8,42.0,64.4,86.4
2019-01-13--20:13:12,NaN,38.4,39.8,42.0,64.4,86.4
2019-01-13--20:16:48,NaN,38.4,39.8,42.0,64.4,86.4
2019-01-13--20:20:24,NaN,38.4,39.8,42.0,64.4,86.4
2019-01-13--20:24:00,NaN,38.4,39.8,42.0,64.4,86.4
2019-01-13--20:27:36,NaN,38.4,39.8,42.0,64.4,86.4
2019-01-13--20:31:12,NaN,38.3,39.8,42.0,64.4,86.4
2019-01-13--20:34:48,NaN,38.3,39.8,42.0,64.4,86.4
2019-01-13--20:38:24,NaN,38.3,39.8,42.0,64.4,86.4
2019-01-13--20:42:00,NaN,38.3,39.8,42.0,64.4,86.4
2019-01-13--20:45:36,NaN,38.4,39.9,42.0,64.4,86.5
2019-01-13--20:49:12,NaN,38.4,39.9,42.0,64.4,86.5
2019-01-13--20:52:48,NaN,38.4,39.9,42.0,64.4,86.5
2019-01-13--20:56:24,NaN,38.4,39.9,42.0,64.4,86.5
2019-01-13--21:00:00,NaN,38.4,39.9,42.0,64.4,86.5
2019-01-13--21:03:36,NaN,38.4,39.9,42.0,64.4,86.5
2019-01-13--21:07:12,NaN,38.4,39.9,42.0,64.4,86.5
2019-01-13--21:10:48,NaN,38.4,39.9,42.0,64.4,86.5
2019-01-13--21:14:24,NaN,38.4,39.9,42.0,64.4,86.5
2019-01-13--21:18:00,NaN,38.5,40.0,42.1,64.4,86.5
2019-01-13--21:21:36,NaN,38.5,40.0,42.1,64.4,86.5
2019-01-13--21:25:12,NaN,38.5,40.0,42.1,64.4,86.5
2019-01-13--21:28:48,NaN,38.5,40.0,42.1,64.4,86.5
2019-01-13--21:32:24,NaN,38.5,40.0,42.1,64.4,86.5
2019-01-13--21:36:00,NaN,38.5,40.0,42.1,64.4,86.5
2019-01-13--21:39:36,NaN,38.5,40.0,42.1,64.4,86.5
2019-01-13--21:43:12,NaN,38.5,40.0,42.1,64.4,86.5
2019-01-13--21:46:48,NaN,38.5,40.0,42.1,64.4,86.5
2019-01-13--21:50:24,NaN,38.5,40.0,42.1,64.4,86.5
2019-01-13--21:54:00,NaN,38.5,40.0,42.1,64.4,86.5
2019-01-13--21:57:36,NaN,38.5,40.0,42.1,64.4,86.5
2019-01-13--22:01:12,NaN,38.6,40.0,42.1,64.4,86.5
2019-01-13--22:04:48,NaN,38.6,40.0,42.1,64.4,86.5
2019-01-13--22:08:24,NaN,38.6,40.0,42.1,64.4,86.5
2019-01-13--22:12:00,NaN,38.6,40.0,42.1,64.4,86.5
2019-01-13--22:15:36,NaN,38.5,40.0,42.1,64.5,86.5
2019-01-13--22:19:12,NaN,38.5,40.0,42.1,64.5,86.5
2019-01-13--22:22:48,NaN,38.5,40.0,42.1,64.5,86.5
2019-01-13--22:26:24,NaN,38.5,40.0,42.1,64.5,86.5
2019-01-13--22:30:00,NaN,38.5,40.0,42.1,64.5,86.5
2019-01-13--22:33:36,NaN,38.5,40.0,42.1,64.5,86.5
2019-01-13--22:37:12,NaN,38.5,40.0,42.1,64.5,86.5
2019-01-13--22:40:48,NaN,38.5,40.0,42.1,64.5,86.5
2019-01-13--22:44:24,NaN,38.5,40.0,42.1,64.5,86.5
2019-01-13--22:48:00,NaN,38.5,40.0,42.1,64.5,86.5
2019-01-13--22:51:36,NaN,38.5,40.0,42.1,64.5,86.5
2019-01-13--22:55:12,NaN,38.5,40.0,42.1,64.5,86.5
2019-01-13--22:58:48,NaN,38.5,40.0,42.1,64.5,86.5
2019-01-13--23:02:24,NaN,38.6,40.0,42.1,64.5,86.6
2019-01-13--23:06:00,NaN,38.6,40.0,42.1,64.5,86.6
2019-01-13--23:09:36,NaN,38.6,40.0,42.1,64.5,86.6
2019-01-13--23:13:12,NaN,38.6,40.0,42.1,64.5,86.6
2019-01-13--23:16:48,NaN,38.6,40.1,42.1,64.5,86.6
2019-01-13--23:20:24,NaN,38.6,40.1,42.1,64.5,86.6
2019-01-13--23:24:00,NaN,38.6,40.1,42.1,64.5,86.6
2019-01-13--23:27:36,NaN,38.6,40.1,42.1,64.5,86.6
2019-01-13--23:31:12,NaN,38.6,40.1,42.1,64.5,86.6
2019-01-13--23:34:48,NaN,38.6,40.1,42.1,64.5,86.6
2019-01-13--23:38:24,NaN,38.6,40.1,42.1,64.5,86.6
2019-01-13--23:42:00,NaN,38.6,40.1,42.1,64.5,86.6
2019-01-13--23:45:36,NaN,38.6,40.0,42.1,64.5,86.6
2019-01-13--23:49:12,NaN,38.6,40.0,42.1,64.5,86.6
2019-01-13--23:52:48,NaN,38.6,40.0,42.1,64.5,86.6
2019-01-13--23:56:24,NaN,38.6,40.0,42.1,64.5,86.6
2019-01-14--00:00:00,NaN,38.6,40.0,42.1,64.5,86.6
2019-01-14--00:03:36,NaN,38.6,40.0,42.1,64.5,86.6
