x,112,116,120,124,128,132,APAR_111.1,APAR_112.2,APAR_113.3,APAR_114.4,APAR_115.5,APAR_116.6,APAR_117.7,APAR_118.8,APAR_119.9,APAR_120.10,APAR_121.11,APAR_122.12,APAR_123.13,APAR_124.14,APAR_125.15,APAR_126.16,APAR_127.17,APAR_128.18,APAR_129.19,FIF_104.4,FIF_105.5,FIF_106.6,APAR_19.19,APAR_20.20
2019-01-15--00:53:48,NaN,NaN,NaN,NaN,NaN,NaN,34.9,35.2,33.5,55.7,91.7,43.7,44.0,46.9,58.8,33.0,35.9,41.4,48.2,40.5,49.6,62.1,42.2,55.0,67.7,31.000000,26.000000,26.000000,57.4,88.8
2019-01-15--00:57:24,NaN,NaN,NaN,NaN,NaN,NaN,34.8,35.1,33.5,55.7,91.8,43.7,44.0,46.9,58.8,33.0,35.9,41.4,48.2,40.3,49.5,62.1,42.2,55.0,67.6,30.000000,26.000000,26.000000,58.6,88.8
2019-01-15--01:01:00,NaN,NaN,NaN,NaN,NaN,NaN,34.8,35.1,33.5,55.7,91.8,43.7,44.0,46.9,58.8,33.0,35.9,41.4,48.2,40.3,49.5,62.1,42.2,55.0,67.6,30.000000,26.000000,26.000000,58.6,88.8
2019-01-15--01:04:36,NaN,NaN,NaN,NaN,NaN,NaN,34.8,35.0,33.5,55.7,91.8,43.7,44.0,46.9,58.8,33.0,35.9,41.4,48.2,40.4,49.5,62.0,42.2,55.0,67.6,30.000000,26.000000,26.000000,59.0,88.8
2019-01-15--01:08:12,NaN,NaN,NaN,NaN,NaN,NaN,34.8,35.0,33.5,55.7,91.8,43.7,44.0,46.9,58.8,33.0,35.9,41.4,48.2,40.4,49.5,62.0,42.2,55.0,67.6,30.000000,26.000000,26.000000,59.0,88.8
2019-01-15--01:11:48,NaN,NaN,NaN,NaN,NaN,NaN,34.8,35.0,33.5,55.7,91.8,43.7,44.0,46.9,58.8,33.0,35.9,41.4,48.2,40.4,49.5,62.0,42.2,55.0,67.6,30.000000,26.000000,26.000000,59.0,88.8
2019-01-15--01:15:24,NaN,NaN,NaN,NaN,NaN,NaN,34.7,35.0,33.4,55.8,91.8,43.7,44.0,46.9,58.8,33.0,35.9,41.4,48.2,40.3,49.4,62.0,42.2,55.0,67.6,30.000000,26.000000,26.000000,59.0,88.8
2019-01-15--01:19:00,NaN,NaN,NaN,NaN,NaN,NaN,34.7,35.0,33.4,55.8,91.8,43.7,44.0,46.9,58.8,33.0,35.9,41.4,48.2,40.3,49.4,62.0,42.2,55.0,67.6,30.000000,26.000000,26.000000,59.2,88.8
2019-01-15--01:22:36,NaN,NaN,NaN,NaN,NaN,NaN,34.7,35.0,33.4,55.8,91.8,43.7,44.0,46.9,58.8,33.0,35.9,41.4,48.2,40.3,49.4,62.0,42.2,55.0,67.6,30.000000,26.000000,26.000000,59.2,88.8
2019-01-15--01:26:12,NaN,NaN,NaN,NaN,NaN,NaN,34.7,35.0,33.4,55.8,91.8,43.7,44.0,46.9,58.8,33.0,35.9,41.4,48.2,40.3,49.4,62.0,42.2,55.0,67.6,30.000000,26.000000,26.000000,59.2,88.8
2019-01-15--01:29:48,NaN,NaN,NaN,NaN,NaN,NaN,34.7,35.0,33.4,55.8,91.8,43.7,44.0,46.9,58.8,33.0,35.9,41.4,48.2,40.3,49.4,62.0,42.2,55.0,67.6,30.000000,26.000000,26.000000,59.2,88.8
2019-01-15--01:33:24,NaN,NaN,NaN,NaN,NaN,NaN,34.7,35.0,33.4,55.8,91.7,43.7,44.0,46.9,58.9,33.0,35.8,41.4,48.2,40.3,49.4,62.0,42.3,55.0,67.5,31.000000,27.000000,26.000000,59.2,88.8
2019-01-15--01:37:00,NaN,NaN,NaN,NaN,NaN,NaN,34.7,35.0,33.4,55.8,91.7,43.7,44.0,46.9,58.9,33.0,35.8,41.4,48.2,40.3,49.4,62.0,42.3,55.0,67.5,31.000000,27.000000,26.000000,59.2,88.8
2019-01-15--01:40:36,NaN,NaN,NaN,NaN,NaN,NaN,34.7,35.0,33.4,55.8,91.7,43.7,44.0,46.9,58.9,33.0,35.8,41.4,48.2,40.3,49.4,62.0,42.3,55.0,67.5,31.000000,27.000000,26.000000,59.2,88.8
2019-01-15--01:44:12,NaN,NaN,NaN,NaN,NaN,NaN,34.7,35.0,33.4,55.8,91.7,43.7,44.0,46.9,58.9,33.0,35.8,41.4,48.2,40.3,49.4,62.0,42.3,55.0,67.5,31.000000,27.000000,26.000000,59.2,88.8
2019-01-15--01:47:48,NaN,NaN,NaN,NaN,NaN,NaN,34.7,35.0,33.4,55.8,91.7,43.7,44.0,46.8,58.9,33.0,35.8,41.4,48.1,40.3,49.4,62.0,42.3,55.0,67.5,31.000000,27.000000,26.000000,59.1,88.9
2019-01-15--01:51:24,NaN,NaN,NaN,NaN,NaN,NaN,34.7,35.0,33.4,55.8,91.7,43.7,44.0,46.8,58.9,33.0,35.8,41.4,48.1,40.3,49.4,62.0,42.3,55.0,67.5,31.000000,27.000000,26.000000,59.1,88.9
2019-01-15--01:55:00,NaN,NaN,NaN,NaN,NaN,NaN,34.7,35.0,33.4,55.8,91.7,43.7,44.0,46.8,58.9,33.0,35.8,41.4,48.1,40.3,49.4,62.0,42.3,55.0,67.5,31.000000,27.000000,26.000000,59.1,88.9
2019-01-15--01:58:36,NaN,NaN,NaN,NaN,NaN,NaN,34.7,35.0,33.4,55.8,91.7,43.7,44.0,46.8,58.9,33.0,35.8,41.4,48.1,40.3,49.4,62.0,42.3,55.0,67.5,31.000000,27.000000,26.000000,59.1,88.9
2019-01-15--02:02:12,NaN,NaN,NaN,NaN,NaN,NaN,34.7,35.0,33.4,55.9,91.6,43.7,44.0,46.8,58.9,33.0,35.9,41.4,48.2,40.3,49.5,62.0,42.3,55.0,67.4,31.000000,26.000000,26.000000,58.9,88.9
2019-01-15--02:05:48,NaN,NaN,NaN,NaN,NaN,NaN,34.7,35.0,33.4,55.9,91.6,43.7,44.0,46.8,58.9,33.0,35.9,41.4,48.2,40.3,49.5,62.0,42.3,55.0,67.4,31.000000,26.000000,26.000000,58.9,88.9
2019-01-15--02:09:24,NaN,NaN,NaN,NaN,NaN,NaN,34.7,35.0,33.4,55.9,91.6,43.7,44.0,46.8,58.9,33.0,35.9,41.4,48.2,40.3,49.5,62.0,42.3,55.0,67.4,31.000000,26.000000,26.000000,58.9,88.9
2019-01-15--02:13:00,NaN,NaN,NaN,NaN,NaN,NaN,34.7,35.0,33.4,55.9,91.6,43.7,44.0,46.8,58.9,33.0,35.9,41.4,48.2,40.3,49.5,62.0,42.3,55.0,67.4,31.000000,26.000000,26.000000,58.9,88.9
2019-01-15--02:16:36,NaN,NaN,NaN,NaN,NaN,NaN,34.6,35.0,33.4,55.9,91.6,43.7,44.0,46.8,58.9,33.0,35.8,41.4,48.1,40.3,49.5,62.0,42.3,55.0,67.4,31.000000,26.000000,26.000000,58.9,88.9
2019-01-15--02:20:12,NaN,NaN,NaN,NaN,NaN,NaN,34.6,35.0,33.4,55.9,91.6,43.7,44.0,46.8,58.9,33.0,35.8,41.4,48.1,40.3,49.5,62.0,42.3,55.0,67.4,31.000000,26.000000,26.000000,58.9,88.9
2019-01-15--02:23:48,NaN,NaN,NaN,NaN,NaN,NaN,34.6,35.0,33.4,55.9,91.6,43.7,44.0,46.8,58.9,33.0,35.8,41.4,48.1,40.3,49.5,62.0,42.3,55.0,67.4,31.000000,26.000000,26.000000,58.9,88.9
2019-01-15--02:27:24,NaN,NaN,NaN,NaN,NaN,NaN,34.6,35.0,33.4,55.9,91.6,43.7,44.0,46.8,58.9,33.0,35.8,41.4,48.1,40.3,49.5,62.0,42.3,55.0,67.4,31.000000,26.000000,26.000000,58.9,88.9
2019-01-15--02:31:00,NaN,NaN,NaN,NaN,NaN,NaN,34.6,34.9,33.4,55.9,91.6,43.7,44.0,46.8,58.9,33.0,35.8,41.4,48.1,40.3,49.5,62.0,42.3,54.9,67.4,30.000000,27.000000,26.000000,58.9,88.9
2019-01-15--02:34:36,NaN,NaN,NaN,NaN,NaN,NaN,34.6,34.9,33.4,55.9,91.6,43.7,44.0,46.8,58.9,33.0,35.8,41.4,48.1,40.3,49.5,62.0,42.3,54.9,67.4,30.000000,27.000000,26.000000,58.9,88.9
2019-01-15--02:38:12,NaN,NaN,NaN,NaN,NaN,NaN,34.6,34.9,33.4,55.9,91.6,43.7,44.0,46.8,58.9,33.0,35.8,41.4,48.1,40.3,49.5,62.0,42.3,54.9,67.4,30.000000,27.000000,26.000000,58.9,88.9
2019-01-15--02:41:48,NaN,NaN,NaN,NaN,NaN,NaN,34.6,34.9,33.4,55.9,91.6,43.7,44.0,46.8,58.9,33.0,35.8,41.4,48.1,40.3,49.5,62.0,42.3,54.9,67.4,30.000000,27.000000,26.000000,58.9,88.9
2019-01-15--02:45:24,NaN,NaN,NaN,NaN,NaN,NaN,34.6,34.9,33.4,55.9,91.6,43.7,44.0,46.8,58.9,33.0,35.8,41.4,48.1,40.3,49.5,62.0,42.3,54.9,67.4,30.000000,27.000000,26.000000,58.9,88.9
2019-01-15--02:49:00,NaN,NaN,NaN,NaN,NaN,NaN,34.6,34.9,33.4,55.9,91.6,43.7,44.0,46.8,58.9,33.0,35.7,41.4,48.1,40.3,49.5,62.0,42.3,54.9,67.3,31.000000,27.000000,26.000000,58.8,88.9
2019-01-15--02:52:36,NaN,NaN,NaN,NaN,NaN,NaN,34.6,34.9,33.4,55.9,91.6,43.7,44.0,46.8,58.9,33.0,35.7,41.4,48.1,40.3,49.5,62.0,42.3,54.9,67.3,31.000000,27.000000,26.000000,58.8,88.9
2019-01-15--02:56:12,NaN,NaN,NaN,NaN,NaN,NaN,34.6,34.9,33.4,55.9,91.6,43.7,44.0,46.8,58.9,33.0,35.7,41.4,48.1,40.3,49.5,62.0,42.3,54.9,67.3,31.000000,27.000000,26.000000,58.8,88.9
2019-01-15--02:59:48,NaN,NaN,NaN,NaN,NaN,NaN,34.6,34.9,33.4,55.9,91.6,43.7,44.0,46.8,58.9,33.0,35.7,41.4,48.1,40.3,49.5,62.0,42.3,54.9,67.3,31.000000,27.000000,26.000000,58.8,88.9
2019-01-15--03:03:24,NaN,NaN,NaN,NaN,NaN,NaN,34.6,34.9,33.3,55.9,91.6,43.7,44.0,46.8,58.9,32.9,35.7,41.4,48.1,40.3,49.5,62.0,42.4,54.9,67.3,31.000000,26.000000,27.000000,58.5,88.9
2019-01-15--03:07:00,NaN,NaN,NaN,NaN,NaN,NaN,34.6,34.9,33.3,55.9,91.6,43.7,44.0,46.8,58.9,32.9,35.7,41.4,48.1,40.3,49.5,62.0,42.4,54.9,67.3,31.000000,26.000000,27.000000,58.5,88.9
2019-01-15--03:10:36,NaN,NaN,NaN,NaN,NaN,NaN,34.6,34.9,33.3,55.9,91.6,43.7,44.0,46.8,58.9,32.9,35.7,41.4,48.1,40.3,49.5,62.0,42.4,54.9,67.3,31.000000,26.000000,27.000000,58.5,88.9
2019-01-15--03:14:12,NaN,NaN,NaN,NaN,NaN,NaN,34.6,34.9,33.3,55.9,91.6,43.7,44.0,46.8,58.9,32.9,35.7,41.4,48.1,40.3,49.5,62.0,42.4,54.9,67.3,31.000000,26.000000,27.000000,58.5,88.9
2019-01-15--03:17:48,NaN,NaN,NaN,NaN,NaN,NaN,34.6,34.9,33.3,55.9,91.6,43.7,44.0,46.8,58.9,32.9,35.8,41.3,48.1,40.4,49.5,62.0,42.4,54.9,67.2,31.000000,26.000000,26.000000,58.0,88.9
2019-01-15--03:21:24,NaN,NaN,NaN,NaN,NaN,NaN,34.6,34.9,33.3,55.9,91.6,43.7,44.0,46.8,58.9,32.9,35.8,41.3,48.1,40.4,49.5,62.0,42.4,54.9,67.2,31.000000,26.000000,26.000000,58.0,88.9
2019-01-15--03:25:00,NaN,NaN,NaN,NaN,NaN,NaN,34.6,34.9,33.3,55.9,91.6,43.7,44.0,46.8,58.9,32.9,35.8,41.3,48.1,40.4,49.5,62.0,42.4,54.9,67.2,31.000000,26.000000,26.000000,58.0,88.9
2019-01-15--03:28:36,NaN,NaN,NaN,NaN,NaN,NaN,34.6,34.9,33.3,55.9,91.6,43.7,44.0,46.8,58.9,32.9,35.8,41.3,48.1,40.4,49.5,62.0,42.4,54.9,67.2,31.000000,26.000000,26.000000,58.0,88.9
2019-01-15--03:32:12,NaN,NaN,NaN,NaN,NaN,NaN,34.6,34.9,33.3,55.9,91.6,43.7,44.0,46.8,58.9,32.9,35.7,41.3,48.1,40.3,49.5,62.0,42.4,54.9,67.2,31.000000,26.000000,26.000000,58.2,88.9
2019-01-15--03:35:48,NaN,NaN,NaN,NaN,NaN,NaN,34.6,34.9,33.3,55.9,91.6,43.7,44.0,46.8,58.9,32.9,35.7,41.3,48.1,40.3,49.5,62.0,42.4,54.9,67.2,31.000000,26.000000,26.000000,58.2,88.9
2019-01-15--03:39:24,NaN,NaN,NaN,NaN,NaN,NaN,34.6,34.9,33.3,55.9,91.6,43.7,44.0,46.8,58.9,32.9,35.7,41.3,48.1,40.3,49.5,62.0,42.4,54.9,67.2,31.000000,26.000000,26.000000,58.2,88.9
2019-01-15--03:43:00,NaN,NaN,NaN,NaN,NaN,NaN,34.6,34.9,33.3,55.9,91.6,43.7,44.0,46.8,58.9,32.9,35.7,41.3,48.1,40.3,49.5,62.0,42.4,54.9,67.2,31.000000,26.000000,26.000000,58.2,88.9
2019-01-15--03:46:36,NaN,NaN,NaN,NaN,NaN,NaN,34.6,34.9,33.3,55.9,91.6,43.7,44.0,46.8,58.9,32.9,35.7,41.3,48.1,40.4,49.6,62.0,42.4,54.9,67.2,32.000000,27.000000,27.000000,58.2,88.9
2019-01-15--03:50:12,NaN,NaN,NaN,NaN,NaN,NaN,34.6,34.9,33.3,55.9,91.6,43.7,44.0,46.8,58.9,32.9,35.7,41.3,48.1,40.4,49.6,62.0,42.4,54.9,67.2,32.000000,27.000000,27.000000,58.2,88.9
2019-01-15--03:53:48,NaN,NaN,NaN,NaN,NaN,NaN,34.6,34.9,33.3,55.9,91.6,43.7,44.0,46.8,58.9,32.9,35.7,41.3,48.1,40.4,49.6,62.0,42.4,54.9,67.2,32.000000,27.000000,27.000000,58.2,88.9
2019-01-15--03:57:24,NaN,NaN,NaN,NaN,NaN,NaN,34.6,34.9,33.3,55.9,91.6,43.7,44.0,46.8,58.9,32.9,35.7,41.3,48.1,40.4,49.6,62.0,42.4,54.9,67.2,32.000000,27.000000,27.000000,58.2,88.9
2019-01-15--04:01:00,NaN,NaN,NaN,NaN,NaN,NaN,34.6,34.9,33.3,55.9,91.6,43.7,44.0,46.8,58.9,32.9,35.7,41.3,48.1,40.4,49.5,62.0,42.4,54.9,67.1,32.000000,27.000000,27.000000,57.3,88.9
2019-01-15--04:04:36,NaN,NaN,NaN,NaN,NaN,NaN,34.6,34.9,33.3,55.9,91.6,43.7,44.0,46.8,58.9,32.9,35.7,41.3,48.1,40.4,49.5,62.0,42.4,54.9,67.1,32.000000,27.000000,27.000000,57.3,88.9
2019-01-15--04:08:12,NaN,NaN,NaN,NaN,NaN,NaN,34.6,34.9,33.3,55.9,91.6,43.7,44.0,46.8,58.9,32.9,35.7,41.3,48.1,40.4,49.5,62.0,42.4,54.9,67.1,32.000000,27.000000,27.000000,57.3,88.9
2019-01-15--04:11:48,NaN,NaN,NaN,NaN,NaN,NaN,34.6,34.9,33.3,55.9,91.6,43.7,44.0,46.8,58.9,32.9,35.7,41.3,48.1,40.4,49.5,62.0,42.4,54.9,67.1,32.000000,27.000000,27.000000,57.3,88.9
2019-01-15--04:15:24,NaN,NaN,NaN,NaN,NaN,NaN,34.6,34.9,33.2,55.9,91.6,43.7,44.0,46.8,58.9,32.9,35.6,41.3,48.1,40.4,49.6,62.0,42.4,54.9,67.1,32.000000,26.000000,27.000000,57.3,88.9
2019-01-15--04:19:00,NaN,NaN,NaN,NaN,NaN,NaN,34.6,34.9,33.2,55.9,91.6,43.7,44.0,46.8,58.9,32.9,35.6,41.3,48.1,40.4,49.6,62.0,42.4,54.9,67.1,32.000000,26.000000,27.000000,56.6,88.9
2019-01-15--04:22:36,NaN,NaN,NaN,NaN,NaN,NaN,34.6,34.9,33.2,55.9,91.6,43.7,44.0,46.8,58.9,32.9,35.6,41.3,48.1,40.4,49.6,62.0,42.4,54.9,67.1,32.000000,26.000000,27.000000,56.6,88.9
2019-01-15--04:26:12,NaN,NaN,NaN,NaN,NaN,NaN,34.6,34.9,33.2,55.9,91.6,43.7,44.0,46.8,58.9,32.9,35.6,41.3,48.1,40.4,49.6,62.0,42.4,54.9,67.1,32.000000,26.000000,27.000000,56.6,88.9
2019-01-15--04:29:48,NaN,NaN,NaN,NaN,NaN,NaN,34.6,34.9,33.2,55.9,91.6,43.7,44.0,46.8,58.9,32.9,35.6,41.3,48.1,40.4,49.6,62.0,42.4,54.9,67.1,32.000000,26.000000,27.000000,56.6,88.9
2019-01-15--04:33:24,NaN,NaN,NaN,NaN,NaN,NaN,34.6,34.8,33.2,55.9,91.6,43.7,44.0,46.8,58.9,32.8,35.6,41.3,48.1,40.4,49.6,62.0,42.4,54.9,67.0,33.000000,26.000000,27.000000,55.8,88.9
2019-01-15--04:37:00,NaN,NaN,NaN,NaN,NaN,NaN,34.6,34.8,33.2,55.9,91.6,43.7,44.0,46.8,58.9,32.8,35.6,41.3,48.1,40.4,49.6,62.0,42.4,54.9,67.0,33.000000,26.000000,27.000000,55.8,88.9
2019-01-15--04:40:36,NaN,NaN,NaN,NaN,NaN,NaN,34.6,34.8,33.2,55.9,91.6,43.7,44.0,46.8,58.9,32.8,35.6,41.3,48.1,40.4,49.6,62.0,42.4,54.9,67.0,33.000000,26.000000,27.000000,55.8,88.9
2019-01-15--04:44:12,NaN,NaN,NaN,NaN,NaN,NaN,34.6,34.8,33.2,55.9,91.6,43.7,44.0,46.8,58.9,32.8,35.6,41.3,48.1,40.4,49.6,62.0,42.4,54.9,67.0,33.000000,26.000000,27.000000,55.8,88.9
2019-01-15--04:47:48,NaN,NaN,NaN,NaN,NaN,NaN,34.6,34.8,33.2,55.9,91.7,43.7,43.9,46.8,58.9,32.8,35.7,41.3,48.1,40.4,49.5,62.0,42.4,54.9,67.0,31.000000,27.000000,26.000000,55.9,88.9
2019-01-15--04:51:24,NaN,NaN,NaN,NaN,NaN,NaN,34.6,34.8,33.2,55.9,91.7,43.7,43.9,46.8,58.9,32.8,35.7,41.3,48.1,40.4,49.5,62.0,42.4,54.9,67.0,31.000000,27.000000,26.000000,55.9,88.9
2019-01-15--04:55:00,NaN,NaN,NaN,NaN,NaN,NaN,34.6,34.8,33.2,55.9,91.7,43.7,43.9,46.8,58.9,32.8,35.7,41.3,48.1,40.4,49.5,62.0,42.4,54.9,67.0,31.000000,27.000000,26.000000,55.9,88.9
2019-01-15--04:58:36,NaN,NaN,NaN,NaN,NaN,NaN,34.6,34.8,33.2,55.9,91.7,43.7,43.9,46.8,58.9,32.8,35.7,41.3,48.1,40.4,49.5,62.0,42.4,54.9,67.0,31.000000,27.000000,26.000000,55.9,88.9
2019-01-15--05:02:12,NaN,NaN,NaN,NaN,NaN,NaN,34.5,34.8,33.2,55.8,91.8,43.7,43.9,46.8,59.0,32.9,35.7,41.3,48.1,40.3,49.5,62.0,42.4,54.9,67.0,31.000000,27.000000,27.000000,56.4,89.0
2019-01-15--05:05:48,NaN,NaN,NaN,NaN,NaN,NaN,34.5,34.8,33.2,55.8,91.8,43.7,43.9,46.8,59.0,32.9,35.7,41.3,48.1,40.3,49.5,62.0,42.4,54.9,67.0,31.000000,27.000000,27.000000,56.4,89.0
2019-01-15--05:09:24,NaN,NaN,NaN,NaN,NaN,NaN,34.5,34.8,33.2,55.8,91.8,43.7,43.9,46.8,59.0,32.9,35.7,41.3,48.1,40.3,49.5,62.0,42.4,54.9,67.0,31.000000,27.000000,27.000000,56.4,89.0
2019-01-15--05:13:00,NaN,NaN,NaN,NaN,NaN,NaN,34.5,34.8,33.2,55.8,91.8,43.7,43.9,46.8,59.0,32.9,35.7,41.3,48.1,40.3,49.5,62.0,42.4,54.9,67.0,31.000000,27.000000,27.000000,56.4,89.0
2019-01-15--05:16:36,NaN,NaN,NaN,NaN,NaN,NaN,34.5,34.8,33.2,55.8,91.8,43.7,43.9,46.8,59.0,32.9,35.7,41.3,48.1,40.3,49.5,62.0,42.4,54.9,66.9,31.000000,27.000000,27.000000,56.6,89.0
2019-01-15--05:20:12,NaN,NaN,NaN,NaN,NaN,NaN,34.5,34.8,33.2,55.8,91.8,43.7,43.9,46.8,59.0,32.9,35.7,41.3,48.1,40.3,49.5,62.0,42.4,54.9,66.9,31.000000,27.000000,27.000000,56.6,89.0
2019-01-15--05:23:48,NaN,NaN,NaN,NaN,NaN,NaN,34.5,34.8,33.2,55.8,91.8,43.7,43.9,46.8,59.0,32.9,35.7,41.3,48.1,40.3,49.5,62.0,42.4,54.9,66.9,31.000000,27.000000,27.000000,56.6,89.0
2019-01-15--05:27:24,NaN,NaN,NaN,NaN,NaN,NaN,34.5,34.8,33.2,55.8,91.8,43.7,43.9,46.8,59.0,32.9,35.7,41.3,48.1,40.3,49.5,62.0,42.4,54.9,66.9,31.000000,27.000000,27.000000,56.6,89.0
2019-01-15--05:31:00,NaN,NaN,NaN,NaN,NaN,NaN,34.5,34.7,33.2,55.9,91.8,43.7,43.9,46.8,59.0,32.9,35.7,41.2,48.0,40.3,49.5,62.0,42.4,54.9,66.9,30.000000,26.000000,27.000000,56.9,89.0
2019-01-15--05:34:36,NaN,NaN,NaN,NaN,NaN,NaN,34.5,34.7,33.2,55.9,91.8,43.7,43.9,46.8,59.0,32.9,35.7,41.2,48.0,40.3,49.5,62.0,42.4,54.9,66.9,30.000000,26.000000,27.000000,56.9,89.0
2019-01-15--05:38:12,NaN,NaN,NaN,NaN,NaN,NaN,34.5,34.7,33.2,55.9,91.8,43.7,43.9,46.8,59.0,32.9,35.7,41.2,48.0,40.3,49.5,62.0,42.4,54.9,66.9,30.000000,26.000000,27.000000,56.9,89.0
2019-01-15--05:41:48,NaN,NaN,NaN,NaN,NaN,NaN,34.5,34.7,33.2,55.9,91.8,43.7,43.9,46.8,59.0,32.9,35.7,41.2,48.0,40.3,49.5,62.0,42.4,54.9,66.9,30.000000,26.000000,27.000000,56.9,89.0
2019-01-15--05:45:24,NaN,NaN,NaN,NaN,NaN,NaN,34.5,34.7,33.2,55.9,91.8,43.6,43.9,46.8,59.0,32.9,35.7,41.2,48.0,40.3,49.5,62.0,42.4,54.9,66.9,30.000000,26.000000,27.000000,56.9,89.0
2019-01-15--05:49:00,NaN,NaN,NaN,NaN,NaN,NaN,34.5,34.7,33.2,55.9,91.8,43.6,43.9,46.8,59.0,32.9,35.7,41.2,48.0,40.2,49.5,62.0,42.5,54.9,66.9,30.000000,27.000000,26.000000,57.6,89.0
2019-01-15--05:52:36,NaN,NaN,NaN,NaN,NaN,NaN,34.5,34.7,33.2,55.9,91.8,43.6,43.9,46.8,59.0,32.9,35.7,41.2,48.0,40.2,49.5,62.0,42.5,54.9,66.9,30.000000,27.000000,26.000000,57.6,89.0
2019-01-15--05:56:12,NaN,NaN,NaN,NaN,NaN,NaN,34.5,34.7,33.2,55.9,91.8,43.6,43.9,46.8,59.0,32.9,35.7,41.2,48.0,40.2,49.5,62.0,42.5,54.9,66.9,30.000000,27.000000,26.000000,57.6,89.0
2019-01-15--05:59:48,NaN,NaN,NaN,NaN,NaN,NaN,34.5,34.7,33.2,55.9,91.8,43.6,43.9,46.8,59.0,32.9,35.7,41.2,48.0,40.2,49.5,62.0,42.5,54.9,66.9,30.000000,27.000000,26.000000,57.6,89.0
2019-01-15--06:03:24,NaN,NaN,NaN,NaN,NaN,NaN,34.4,34.7,33.1,55.9,91.8,43.7,43.9,46.8,59.0,32.9,35.7,41.2,48.0,40.2,49.5,62.0,42.5,54.9,66.9,31.000000,26.000000,26.000000,57.9,89.0
2019-01-15--06:07:00,NaN,NaN,NaN,NaN,NaN,NaN,34.4,34.7,33.1,55.9,91.8,43.7,43.9,46.8,59.0,32.9,35.7,41.2,48.0,40.2,49.5,62.0,42.5,54.9,66.9,31.000000,26.000000,26.000000,57.9,89.0
2019-01-15--06:10:36,NaN,NaN,NaN,NaN,NaN,NaN,34.4,34.7,33.1,55.9,91.8,43.7,43.9,46.8,59.0,32.9,35.7,41.2,48.0,40.2,49.5,62.0,42.5,54.9,66.9,31.000000,26.000000,26.000000,57.9,89.0
2019-01-15--06:14:12,NaN,NaN,NaN,NaN,NaN,NaN,34.4,34.7,33.1,55.9,91.8,43.7,43.9,46.8,59.0,32.9,35.7,41.2,48.0,40.2,49.5,62.0,42.5,54.9,66.9,31.000000,26.000000,26.000000,57.9,89.0
2019-01-15--06:17:48,NaN,NaN,NaN,NaN,NaN,NaN,34.3,34.6,33.1,56.0,91.8,43.6,43.9,46.8,59.0,33.0,35.7,41.2,48.0,40.3,49.4,61.9,42.5,54.9,66.8,31.000000,26.000000,26.000000,57.9,89.0
2019-01-15--06:21:24,NaN,NaN,NaN,NaN,NaN,NaN,34.3,34.6,33.1,56.0,91.8,43.6,43.9,46.8,59.0,33.0,35.7,41.2,48.0,40.3,49.4,61.9,42.5,54.9,66.8,31.000000,26.000000,26.000000,57.9,89.0
2019-01-15--06:25:00,NaN,NaN,NaN,NaN,NaN,NaN,34.3,34.6,33.1,56.0,91.8,43.6,43.9,46.8,59.0,33.0,35.7,41.2,48.0,40.3,49.4,61.9,42.5,54.9,66.8,31.000000,26.000000,26.000000,57.9,89.0
2019-01-15--06:28:36,NaN,NaN,NaN,NaN,NaN,NaN,34.3,34.6,33.1,56.0,91.8,43.6,43.9,46.8,59.0,33.0,35.7,41.2,48.0,40.3,49.4,61.9,42.5,54.9,66.8,31.000000,26.000000,26.000000,57.9,89.0
2019-01-15--06:32:12,NaN,NaN,NaN,NaN,NaN,NaN,34.3,34.5,33.1,56.0,91.8,43.6,43.9,46.8,59.0,32.9,35.7,41.2,48.0,40.3,49.4,61.9,42.5,55.0,66.8,32.000000,26.000000,27.000000,57.9,89.0
2019-01-15--06:35:48,NaN,NaN,NaN,NaN,NaN,NaN,34.3,34.5,33.1,56.0,91.8,43.6,43.9,46.8,59.0,32.9,35.7,41.2,48.0,40.3,49.4,61.9,42.5,55.0,66.8,32.000000,26.000000,27.000000,57.9,89.0
2019-01-15--06:39:24,NaN,NaN,NaN,NaN,NaN,NaN,34.3,34.5,33.1,56.0,91.8,43.6,43.9,46.8,59.0,32.9,35.7,41.2,48.0,40.3,49.4,61.9,42.5,55.0,66.8,32.000000,26.000000,27.000000,57.9,89.0
2019-01-15--06:43:00,NaN,NaN,NaN,NaN,NaN,NaN,34.3,34.5,33.1,56.0,91.8,43.6,43.9,46.8,59.0,32.9,35.7,41.2,48.0,40.3,49.4,61.9,42.5,55.0,66.8,32.000000,26.000000,27.000000,57.9,89.0
2019-01-15--06:46:36,NaN,NaN,NaN,NaN,NaN,NaN,34.3,34.5,33.1,56.0,91.8,43.6,43.9,46.8,59.0,33.0,35.7,41.2,48.0,40.3,49.4,61.9,42.5,54.9,66.8,32.000000,26.000000,27.000000,57.8,89.0
2019-01-15--06:50:12,NaN,NaN,NaN,NaN,NaN,NaN,34.3,34.5,33.1,56.0,91.8,43.6,43.9,46.8,59.0,33.0,35.7,41.2,48.0,40.3,49.4,61.9,42.5,54.9,66.8,32.000000,26.000000,27.000000,57.8,89.0
2019-01-15--06:53:48,NaN,NaN,NaN,NaN,NaN,NaN,34.3,34.5,33.1,56.0,91.8,43.6,43.9,46.8,59.0,33.0,35.7,41.2,48.0,40.3,49.4,61.9,42.5,54.9,66.8,32.000000,26.000000,27.000000,57.8,89.0
2019-01-15--06:57:24,NaN,NaN,NaN,NaN,NaN,NaN,34.3,34.5,33.1,56.0,91.8,43.6,43.9,46.8,59.0,33.0,35.7,41.2,48.0,40.3,49.4,61.9,42.5,54.9,66.8,32.000000,26.000000,27.000000,57.8,89.0
2019-01-15--07:01:00,NaN,NaN,NaN,NaN,NaN,NaN,34.3,34.6,33.1,56.1,91.8,43.6,43.9,46.8,59.0,33.0,35.7,41.2,48.0,40.3,49.4,62.0,42.5,54.9,66.8,31.000000,27.000000,27.000000,57.9,89.1
2019-01-15--07:04:36,NaN,NaN,NaN,NaN,NaN,NaN,34.3,34.6,33.1,56.1,91.8,43.6,43.9,46.8,59.0,33.0,35.7,41.2,48.0,40.3,49.4,62.0,42.5,54.9,66.8,31.000000,27.000000,27.000000,57.9,89.1
2019-01-15--07:08:12,NaN,NaN,NaN,NaN,NaN,NaN,34.3,34.6,33.1,56.1,91.8,43.6,43.9,46.8,59.0,33.0,35.7,41.2,48.0,40.3,49.4,62.0,42.5,54.9,66.8,31.000000,27.000000,27.000000,57.9,89.1
2019-01-15--07:11:48,NaN,NaN,NaN,NaN,NaN,NaN,34.3,34.6,33.1,56.1,91.8,43.6,43.9,46.8,59.0,33.0,35.7,41.2,48.0,40.3,49.4,62.0,42.5,54.9,66.8,31.000000,27.000000,27.000000,57.9,89.1
2019-01-15--07:15:24,NaN,NaN,NaN,NaN,NaN,NaN,34.2,34.5,33.1,56.1,91.8,43.6,43.9,46.8,59.0,33.0,35.8,41.2,48.0,40.2,49.4,61.9,42.5,54.9,66.7,31.000000,27.000000,27.000000,57.9,89.1
2019-01-15--07:19:00,NaN,NaN,NaN,NaN,NaN,NaN,34.2,34.5,33.1,56.1,91.8,43.6,43.9,46.8,59.0,33.0,35.8,41.2,48.0,40.2,49.4,61.9,42.5,54.9,66.7,31.000000,26.000000,26.000000,58.3,89.1
2019-01-15--07:22:36,NaN,NaN,NaN,NaN,NaN,NaN,34.2,34.5,33.1,56.1,91.8,43.6,43.9,46.8,59.0,33.0,35.8,41.2,48.0,40.2,49.4,61.9,42.5,54.9,66.7,31.000000,26.000000,26.000000,58.3,89.1
2019-01-15--07:26:12,NaN,NaN,NaN,NaN,NaN,NaN,34.2,34.5,33.1,56.1,91.8,43.6,43.9,46.8,59.0,33.0,35.8,41.2,48.0,40.2,49.4,61.9,42.5,54.9,66.7,31.000000,26.000000,26.000000,58.3,89.1
2019-01-15--07:29:48,NaN,NaN,NaN,NaN,NaN,NaN,34.2,34.5,33.1,56.1,91.8,43.6,43.9,46.8,59.0,33.0,35.8,41.2,48.0,40.2,49.4,61.9,42.5,54.9,66.7,31.000000,26.000000,26.000000,58.3,89.1
2019-01-15--07:33:24,NaN,NaN,NaN,NaN,NaN,NaN,34.3,34.5,33.1,56.1,91.9,43.6,43.9,46.8,59.0,33.0,35.7,41.2,48.0,40.2,49.4,61.9,42.5,54.9,66.7,31.000000,27.000000,27.000000,58.3,89.1
2019-01-15--07:37:00,NaN,NaN,NaN,NaN,NaN,NaN,34.3,34.5,33.1,56.1,91.9,43.6,43.9,46.8,59.0,33.0,35.7,41.2,48.0,40.2,49.4,61.9,42.5,54.9,66.7,31.000000,27.000000,27.000000,58.3,89.1
2019-01-15--07:40:36,NaN,NaN,NaN,NaN,NaN,NaN,34.3,34.5,33.1,56.1,91.9,43.6,43.9,46.8,59.0,33.0,35.7,41.2,48.0,40.2,49.4,61.9,42.5,54.9,66.7,31.000000,27.000000,27.000000,58.3,89.1
2019-01-15--07:44:12,NaN,NaN,NaN,NaN,NaN,NaN,34.3,34.5,33.1,56.1,91.9,43.6,43.9,46.8,59.0,33.0,35.7,41.2,48.0,40.2,49.4,61.9,42.5,54.9,66.7,31.000000,27.000000,27.000000,58.3,89.1
2019-01-15--07:47:48,NaN,NaN,NaN,NaN,NaN,NaN,34.3,34.6,33.1,56.2,91.9,43.6,43.9,46.7,59.0,33.0,35.6,41.2,48.0,40.3,49.4,62.0,42.5,54.9,66.7,31.000000,27.000000,27.000000,57.9,89.1
2019-01-15--07:51:24,NaN,NaN,NaN,NaN,NaN,NaN,34.3,34.6,33.1,56.2,91.9,43.6,43.9,46.7,59.0,33.0,35.6,41.2,48.0,40.3,49.4,62.0,42.5,54.9,66.7,31.000000,27.000000,27.000000,57.9,89.1
2019-01-15--07:55:00,NaN,NaN,NaN,NaN,NaN,NaN,34.3,34.6,33.1,56.2,91.9,43.6,43.9,46.7,59.0,33.0,35.6,41.2,48.0,40.3,49.4,62.0,42.5,54.9,66.7,31.000000,27.000000,27.000000,57.9,89.1
2019-01-15--07:58:36,NaN,NaN,NaN,NaN,NaN,NaN,34.3,34.6,33.1,56.2,91.9,43.6,43.9,46.7,59.0,33.0,35.6,41.2,48.0,40.3,49.4,62.0,42.5,54.9,66.7,31.000000,27.000000,27.000000,57.9,89.1
2019-01-15--08:02:12,NaN,NaN,NaN,NaN,NaN,NaN,34.3,34.5,33.1,56.2,91.9,43.6,43.9,46.8,59.0,33.0,35.7,41.2,48.0,40.3,49.4,61.9,42.5,54.9,66.6,32.000000,27.000000,27.000000,57.2,89.1
2019-01-15--08:05:48,NaN,NaN,NaN,NaN,NaN,NaN,34.3,34.5,33.1,56.2,91.9,43.6,43.9,46.8,59.0,33.0,35.7,41.2,48.0,40.3,49.4,61.9,42.5,54.9,66.6,32.000000,27.000000,27.000000,57.2,89.1
2019-01-15--08:09:24,NaN,NaN,NaN,NaN,NaN,NaN,34.3,34.5,33.1,56.2,91.9,43.6,43.9,46.8,59.0,33.0,35.7,41.2,48.0,40.3,49.4,61.9,42.5,54.9,66.6,32.000000,27.000000,27.000000,57.2,89.1
2019-01-15--08:13:00,NaN,NaN,NaN,NaN,NaN,NaN,34.3,34.5,33.1,56.2,91.9,43.6,43.9,46.8,59.0,33.0,35.7,41.2,48.0,40.3,49.4,61.9,42.5,54.9,66.6,32.000000,27.000000,27.000000,57.2,89.1
2019-01-15--08:16:36,NaN,NaN,NaN,NaN,NaN,NaN,34.3,34.5,33.1,56.3,91.9,43.6,43.9,46.7,59.0,33.0,35.6,41.2,48.0,40.3,49.4,62.0,42.5,54.9,66.6,31.000000,27.000000,27.000000,56.9,89.1
2019-01-15--08:20:12,NaN,NaN,NaN,NaN,NaN,NaN,34.3,34.5,33.1,56.3,91.9,43.6,43.9,46.7,59.0,33.0,35.6,41.2,48.0,40.3,49.4,62.0,42.5,54.9,66.6,31.000000,27.000000,27.000000,56.9,89.1
2019-01-15--08:23:48,NaN,NaN,NaN,NaN,NaN,NaN,34.3,34.5,33.1,56.3,91.9,43.6,43.9,46.7,59.0,33.0,35.6,41.2,48.0,40.3,49.4,62.0,42.5,54.9,66.6,31.000000,27.000000,27.000000,56.9,89.1
2019-01-15--08:27:24,NaN,NaN,NaN,NaN,NaN,NaN,34.3,34.5,33.1,56.3,91.9,43.6,43.9,46.7,59.0,33.0,35.6,41.2,48.0,40.3,49.4,62.0,42.5,54.9,66.6,31.000000,27.000000,27.000000,56.9,89.1
2019-01-15--08:31:00,NaN,NaN,NaN,NaN,NaN,NaN,34.3,34.5,33.1,56.3,91.9,43.6,43.9,46.8,59.0,33.0,35.7,41.2,48.0,40.2,49.4,62.0,42.5,54.9,66.6,31.000000,27.000000,27.000000,57.0,89.1
2019-01-15--08:34:36,NaN,NaN,NaN,NaN,NaN,NaN,34.3,34.5,33.1,56.3,91.9,43.6,43.9,46.8,59.0,33.0,35.7,41.2,48.0,40.2,49.4,62.0,42.5,54.9,66.6,31.000000,27.000000,27.000000,57.0,89.1
2019-01-15--08:38:12,NaN,NaN,NaN,NaN,NaN,NaN,34.3,34.5,33.1,56.3,91.9,43.6,43.9,46.8,59.0,33.0,35.7,41.2,48.0,40.2,49.4,62.0,42.5,54.9,66.6,31.000000,27.000000,27.000000,57.0,89.1
2019-01-15--08:41:48,NaN,NaN,NaN,NaN,NaN,NaN,34.3,34.5,33.1,56.3,91.9,43.6,43.9,46.8,59.0,33.0,35.7,41.2,48.0,40.2,49.4,62.0,42.5,54.9,66.6,31.000000,27.000000,27.000000,57.0,89.1
2019-01-15--08:45:24,NaN,NaN,NaN,NaN,NaN,NaN,34.2,34.5,33.1,56.4,91.9,43.6,43.9,46.8,59.0,32.9,35.6,41.2,48.0,40.3,49.4,62.0,42.5,54.9,66.5,31.000000,26.000000,27.000000,57.0,89.1
2019-01-15--08:49:00,NaN,NaN,NaN,NaN,NaN,NaN,34.2,34.5,33.1,56.4,91.9,43.6,43.9,46.8,59.0,32.9,35.6,41.2,48.0,40.3,49.4,62.0,42.5,54.9,66.5,31.000000,26.000000,27.000000,56.9,89.1
2019-01-15--08:52:36,NaN,NaN,NaN,NaN,NaN,NaN,34.2,34.5,33.1,56.4,91.9,43.6,43.9,46.8,59.0,32.9,35.6,41.2,48.0,40.3,49.4,62.0,42.5,54.9,66.5,31.000000,26.000000,27.000000,56.9,89.1
2019-01-15--08:56:12,NaN,NaN,NaN,NaN,NaN,NaN,34.2,34.5,33.1,56.4,91.9,43.6,43.9,46.8,59.0,32.9,35.6,41.2,48.0,40.3,49.4,62.0,42.5,54.9,66.5,31.000000,26.000000,27.000000,56.9,89.1
2019-01-15--08:59:48,NaN,NaN,NaN,NaN,NaN,NaN,34.2,34.5,33.1,56.4,91.9,43.6,43.9,46.8,59.0,32.9,35.6,41.2,48.0,40.3,49.4,62.0,42.5,54.9,66.5,31.000000,26.000000,27.000000,56.9,89.1
2019-01-15--09:03:24,NaN,NaN,NaN,NaN,NaN,NaN,34.2,34.5,33.1,56.4,91.9,43.6,43.9,46.8,59.1,33.0,35.7,41.2,48.0,40.2,49.4,61.9,42.5,54.9,66.5,30.000000,26.000000,27.000000,57.4,89.1
2019-01-15--09:07:00,NaN,NaN,NaN,NaN,NaN,NaN,34.2,34.5,33.1,56.4,91.9,43.6,43.9,46.8,59.1,33.0,35.7,41.2,48.0,40.2,49.4,61.9,42.5,54.9,66.5,30.000000,26.000000,27.000000,57.4,89.1
2019-01-15--09:10:36,NaN,NaN,NaN,NaN,NaN,NaN,34.2,34.5,33.1,56.4,91.9,43.6,43.9,46.8,59.1,33.0,35.7,41.2,48.0,40.2,49.4,61.9,42.5,54.9,66.5,30.000000,26.000000,27.000000,57.4,89.1
2019-01-15--09:14:12,NaN,NaN,NaN,NaN,NaN,NaN,34.2,34.5,33.1,56.4,91.9,43.6,43.9,46.8,59.1,33.0,35.7,41.2,48.0,40.2,49.4,61.9,42.5,54.9,66.5,30.000000,26.000000,27.000000,57.4,89.1
2019-01-15--09:17:48,NaN,NaN,NaN,NaN,NaN,NaN,34.2,34.5,33.1,56.4,92.0,43.6,43.9,46.8,59.1,33.0,35.8,41.1,48.0,40.2,49.4,61.9,42.5,54.9,66.5,30.000000,27.000000,27.000000,57.8,89.1
2019-01-15--09:21:24,NaN,NaN,NaN,NaN,NaN,NaN,34.2,34.5,33.1,56.4,92.0,43.6,43.9,46.8,59.1,33.0,35.8,41.1,48.0,40.2,49.4,61.9,42.5,54.9,66.5,30.000000,27.000000,27.000000,57.8,89.1
2019-01-15--09:25:00,NaN,NaN,NaN,NaN,NaN,NaN,34.2,34.5,33.1,56.4,92.0,43.6,43.9,46.8,59.1,33.0,35.8,41.1,48.0,40.2,49.4,61.9,42.5,54.9,66.5,30.000000,27.000000,27.000000,57.8,89.1
2019-01-15--09:28:36,NaN,NaN,NaN,NaN,NaN,NaN,34.2,34.5,33.1,56.4,92.0,43.6,43.9,46.8,59.1,33.0,35.8,41.1,48.0,40.2,49.4,61.9,42.5,54.9,66.5,30.000000,27.000000,27.000000,57.8,89.1
2019-01-15--09:32:12,NaN,NaN,NaN,NaN,NaN,NaN,34.2,34.5,33.1,56.5,92.0,43.6,43.9,46.8,59.1,33.0,35.7,41.1,48.0,40.2,49.4,61.9,42.5,54.9,66.5,30.000000,27.000000,26.000000,57.8,89.1
2019-01-15--09:35:48,NaN,NaN,NaN,NaN,NaN,NaN,34.2,34.5,33.1,56.5,92.0,43.6,43.9,46.8,59.1,33.0,35.7,41.1,48.0,40.2,49.4,61.9,42.5,54.9,66.5,30.000000,27.000000,26.000000,57.8,89.1
2019-01-15--09:39:24,NaN,NaN,NaN,NaN,NaN,NaN,34.2,34.5,33.1,56.5,92.0,43.6,43.9,46.8,59.1,33.0,35.7,41.1,48.0,40.2,49.4,61.9,42.5,54.9,66.5,30.000000,27.000000,26.000000,57.8,89.1
2019-01-15--09:43:00,NaN,NaN,NaN,NaN,NaN,NaN,34.2,34.5,33.1,56.5,92.0,43.6,43.9,46.8,59.1,33.0,35.7,41.1,48.0,40.2,49.4,61.9,42.5,54.9,66.5,30.000000,27.000000,26.000000,57.8,89.1
2019-01-15--09:46:36,NaN,NaN,NaN,NaN,NaN,NaN,34.2,34.4,33.2,56.5,92.0,43.6,43.9,46.8,59.1,33.1,35.8,41.1,48.0,40.1,49.4,61.9,42.5,54.9,66.5,29.000000,27.000000,26.000000,58.3,89.1
2019-01-15--09:50:12,NaN,NaN,NaN,NaN,NaN,NaN,34.2,34.4,33.2,56.5,92.0,43.6,43.9,46.8,59.1,33.1,35.8,41.1,48.0,40.1,49.4,61.9,42.5,54.9,66.5,29.000000,27.000000,26.000000,58.3,89.1
2019-01-15--09:53:48,NaN,NaN,NaN,NaN,NaN,NaN,34.2,34.4,33.2,56.5,92.0,43.6,43.9,46.8,59.1,33.1,35.8,41.1,48.0,40.1,49.4,61.9,42.5,54.9,66.5,29.000000,27.000000,26.000000,58.3,89.1
2019-01-15--09:57:24,NaN,NaN,NaN,NaN,NaN,NaN,34.2,34.4,33.2,56.5,92.0,43.6,43.9,46.8,59.1,33.1,35.8,41.1,48.0,40.1,49.4,61.9,42.5,54.9,66.5,29.000000,27.000000,26.000000,58.3,89.1
2019-01-15--10:01:00,NaN,NaN,NaN,NaN,NaN,NaN,34.2,34.4,33.2,56.5,92.1,43.6,43.9,46.8,59.1,33.1,35.7,41.1,48.0,40.0,49.4,61.9,42.6,54.9,66.4,29.000000,26.000000,26.000000,58.9,89.1
2019-01-15--10:04:36,NaN,NaN,NaN,NaN,NaN,NaN,34.2,34.4,33.2,56.5,92.1,43.6,43.9,46.8,59.1,33.1,35.7,41.1,48.0,40.0,49.4,61.9,42.6,54.9,66.4,29.000000,26.000000,26.000000,58.9,89.1
2019-01-15--10:08:12,NaN,NaN,NaN,NaN,NaN,NaN,34.2,34.4,33.2,56.5,92.1,43.6,43.9,46.8,59.1,33.1,35.7,41.1,48.0,40.0,49.4,61.9,42.6,54.9,66.4,29.000000,26.000000,26.000000,58.9,89.1
2019-01-15--10:11:48,NaN,NaN,NaN,NaN,NaN,NaN,34.2,34.4,33.2,56.5,92.1,43.6,43.9,46.8,59.1,33.1,35.7,41.1,48.0,40.0,49.4,61.9,42.6,54.9,66.4,29.000000,26.000000,26.000000,58.9,89.1
2019-01-15--10:15:24,NaN,NaN,NaN,NaN,NaN,NaN,34.2,34.4,33.2,56.5,92.1,43.6,43.9,46.8,59.1,33.1,35.7,41.1,48.0,40.0,49.4,61.9,42.6,54.9,66.4,29.000000,26.000000,26.000000,58.9,89.1
2019-01-15--10:19:00,NaN,NaN,NaN,NaN,NaN,NaN,34.2,34.4,33.2,56.6,92.1,43.6,43.9,46.8,59.1,33.1,35.8,41.1,48.0,40.0,49.4,61.9,42.6,54.9,66.4,29.000000,26.000000,26.000000,59.3,89.2
2019-01-15--10:22:36,NaN,NaN,NaN,NaN,NaN,NaN,34.2,34.4,33.2,56.6,92.1,43.6,43.9,46.8,59.1,33.1,35.8,41.1,48.0,40.0,49.4,61.9,42.6,54.9,66.4,29.000000,26.000000,26.000000,59.3,89.2
2019-01-15--10:26:12,NaN,NaN,NaN,NaN,NaN,NaN,34.2,34.4,33.2,56.6,92.1,43.6,43.9,46.8,59.1,33.1,35.8,41.1,48.0,40.0,49.4,61.9,42.6,54.9,66.4,29.000000,26.000000,26.000000,59.3,89.2
2019-01-15--10:29:48,NaN,NaN,NaN,NaN,NaN,NaN,34.2,34.4,33.2,56.6,92.1,43.6,43.9,46.8,59.1,33.1,35.8,41.1,48.0,40.0,49.4,61.9,42.6,54.9,66.4,29.000000,26.000000,26.000000,59.3,89.2
2019-01-15--10:33:24,NaN,NaN,NaN,NaN,NaN,NaN,34.1,34.4,33.2,56.6,92.1,43.6,43.9,46.8,59.1,33.1,35.8,41.1,48.0,40.0,49.4,61.8,42.6,55.0,66.4,29.000000,26.000000,26.000000,59.6,89.2
2019-01-15--10:37:00,NaN,NaN,NaN,NaN,NaN,NaN,34.1,34.4,33.2,56.6,92.1,43.6,43.9,46.8,59.1,33.1,35.8,41.1,48.0,40.0,49.4,61.8,42.6,55.0,66.4,29.000000,26.000000,26.000000,59.6,89.2
2019-01-15--10:40:36,NaN,NaN,NaN,NaN,NaN,NaN,34.1,34.4,33.2,56.6,92.1,43.6,43.9,46.8,59.1,33.1,35.8,41.1,48.0,40.0,49.4,61.8,42.6,55.0,66.4,29.000000,26.000000,26.000000,59.6,89.2
2019-01-15--10:44:12,NaN,NaN,NaN,NaN,NaN,NaN,34.1,34.4,33.2,56.6,92.1,43.6,43.9,46.8,59.1,33.1,35.8,41.1,48.0,40.0,49.4,61.8,42.6,55.0,66.4,29.000000,26.000000,26.000000,59.6,89.2
2019-01-15--10:47:48,NaN,NaN,NaN,NaN,NaN,NaN,34.1,34.4,33.2,56.7,92.1,43.6,43.9,46.8,59.1,33.1,35.8,41.1,48.0,40.0,49.4,61.8,42.6,55.0,66.4,30.000000,27.000000,26.000000,59.7,89.2
2019-01-15--10:51:24,NaN,NaN,NaN,NaN,NaN,NaN,34.1,34.4,33.2,56.7,92.1,43.6,43.9,46.8,59.1,33.1,35.8,41.1,48.0,40.0,49.4,61.8,42.6,55.0,66.4,30.000000,27.000000,26.000000,59.7,89.2
2019-01-15--10:55:00,NaN,NaN,NaN,NaN,NaN,NaN,34.1,34.4,33.2,56.7,92.1,43.6,43.9,46.8,59.1,33.1,35.8,41.1,48.0,40.0,49.4,61.8,42.6,55.0,66.4,30.000000,27.000000,26.000000,59.7,89.2
2019-01-15--10:58:36,NaN,NaN,NaN,NaN,NaN,NaN,34.1,34.4,33.2,56.7,92.1,43.6,43.9,46.8,59.1,33.1,35.8,41.1,48.0,40.0,49.4,61.8,42.6,55.0,66.4,30.000000,27.000000,26.000000,59.7,89.2
2019-01-15--11:02:12,NaN,NaN,NaN,NaN,NaN,NaN,34.1,34.4,33.2,56.7,92.2,43.6,43.9,46.8,59.1,33.1,35.8,41.1,48.0,40.0,49.4,61.8,42.6,55.0,66.3,29.000000,27.000000,26.000000,59.8,89.2
2019-01-15--11:05:48,NaN,NaN,NaN,NaN,NaN,NaN,34.1,34.4,33.2,56.7,92.2,43.6,43.9,46.8,59.1,33.1,35.8,41.1,48.0,40.0,49.4,61.8,42.6,55.0,66.3,29.000000,27.000000,26.000000,59.8,89.2
2019-01-15--11:09:24,NaN,NaN,NaN,NaN,NaN,NaN,34.1,34.4,33.2,56.7,92.2,43.6,43.9,46.8,59.1,33.1,35.8,41.1,48.0,40.0,49.4,61.8,42.6,55.0,66.3,29.000000,27.000000,26.000000,59.8,89.2
2019-01-15--11:13:00,NaN,NaN,NaN,NaN,NaN,NaN,34.1,34.4,33.2,56.7,92.2,43.6,43.9,46.8,59.1,33.1,35.8,41.1,48.0,40.0,49.4,61.8,42.6,55.0,66.3,29.000000,27.000000,26.000000,59.8,89.2
2019-01-15--11:16:36,NaN,NaN,NaN,NaN,NaN,NaN,34.1,34.4,33.2,56.8,92.2,43.6,43.9,46.8,59.1,33.2,36.0,41.1,48.0,40.0,49.4,61.8,42.6,55.0,66.3,29.000000,26.000000,26.000000,59.8,89.2
2019-01-15--11:20:12,NaN,NaN,NaN,NaN,NaN,NaN,34.1,34.4,33.2,56.8,92.2,43.6,43.9,46.8,59.1,33.2,36.0,41.1,48.0,40.0,49.4,61.8,42.6,55.0,66.3,29.000000,26.000000,26.000000,59.8,89.2
2019-01-15--11:23:48,NaN,NaN,NaN,NaN,NaN,NaN,34.1,34.4,33.2,56.8,92.2,43.6,43.9,46.8,59.1,33.2,36.0,41.1,48.0,40.0,49.4,61.8,42.6,55.0,66.3,29.000000,26.000000,26.000000,59.8,89.2
2019-01-15--11:27:24,NaN,NaN,NaN,NaN,NaN,NaN,34.1,34.4,33.2,56.8,92.2,43.6,43.9,46.8,59.1,33.2,36.0,41.1,48.0,40.0,49.4,61.8,42.6,55.0,66.3,29.000000,26.000000,26.000000,59.8,89.2
2019-01-15--11:31:00,NaN,NaN,NaN,NaN,NaN,NaN,34.1,34.4,33.3,56.9,92.3,43.6,43.9,46.8,59.1,33.2,35.8,41.1,48.0,39.9,49.3,61.8,42.6,55.0,66.3,29.000000,26.000000,26.000000,59.9,89.2
2019-01-15--11:34:36,NaN,NaN,NaN,NaN,NaN,NaN,34.1,34.4,33.3,56.9,92.3,43.6,43.9,46.8,59.1,33.2,35.8,41.1,48.0,39.9,49.3,61.8,42.6,55.0,66.3,29.000000,26.000000,26.000000,59.9,89.2
2019-01-15--11:38:12,NaN,NaN,NaN,NaN,NaN,NaN,34.1,34.4,33.3,56.9,92.3,43.6,43.9,46.8,59.1,33.2,35.8,41.1,48.0,39.9,49.3,61.8,42.6,55.0,66.3,29.000000,26.000000,26.000000,59.9,89.2
2019-01-15--11:41:48,NaN,NaN,NaN,NaN,NaN,NaN,34.1,34.4,33.3,56.9,92.3,43.6,43.9,46.8,59.1,33.2,35.8,41.1,48.0,39.9,49.3,61.8,42.6,55.0,66.3,29.000000,26.000000,26.000000,59.9,89.2
2019-01-15--11:45:24,NaN,NaN,NaN,NaN,NaN,NaN,34.1,34.4,33.3,56.9,92.2,43.6,43.9,46.8,59.1,33.2,35.9,41.1,48.1,39.9,49.3,61.7,42.6,55.0,66.3,29.000000,26.000000,26.000000,59.9,89.2
2019-01-15--11:49:00,NaN,NaN,NaN,NaN,NaN,NaN,34.1,34.4,33.3,56.9,92.2,43.6,43.9,46.8,59.1,33.2,35.9,41.1,48.1,39.9,49.3,61.7,42.6,55.0,66.3,29.000000,26.000000,26.000000,60.0,89.2
2019-01-15--11:52:36,NaN,NaN,NaN,NaN,NaN,NaN,34.1,34.4,33.3,56.9,92.2,43.6,43.9,46.8,59.1,33.2,35.9,41.1,48.1,39.9,49.3,61.7,42.6,55.0,66.3,29.000000,26.000000,26.000000,60.0,89.2
2019-01-15--11:56:12,NaN,NaN,NaN,NaN,NaN,NaN,34.1,34.4,33.3,56.9,92.2,43.6,43.9,46.8,59.1,33.2,35.9,41.1,48.1,39.9,49.3,61.7,42.6,55.0,66.3,29.000000,26.000000,26.000000,60.0,89.2
2019-01-15--11:59:48,NaN,NaN,NaN,NaN,NaN,NaN,34.1,34.4,33.3,56.9,92.2,43.6,43.9,46.8,59.1,33.2,35.9,41.1,48.1,39.9,49.3,61.7,42.6,55.0,66.3,29.000000,26.000000,26.000000,60.0,89.2
2019-01-15--12:03:24,NaN,NaN,NaN,NaN,NaN,NaN,34.0,34.4,33.3,57.0,92.2,43.6,43.9,46.8,59.1,33.2,35.9,41.1,48.1,39.9,49.3,61.7,42.6,55.0,66.3,29.000000,27.000000,26.000000,60.2,89.2
2019-01-15--12:07:00,NaN,NaN,NaN,NaN,NaN,NaN,34.0,34.4,33.3,57.0,92.2,43.6,43.9,46.8,59.1,33.2,35.9,41.1,48.1,39.9,49.3,61.7,42.6,55.0,66.3,29.000000,27.000000,26.000000,60.2,89.2
2019-01-15--12:10:36,NaN,NaN,NaN,NaN,NaN,NaN,34.0,34.4,33.3,57.0,92.2,43.6,43.9,46.8,59.1,33.2,35.9,41.1,48.1,39.9,49.3,61.7,42.6,55.0,66.3,29.000000,27.000000,26.000000,60.2,89.2
2019-01-15--12:14:12,NaN,NaN,NaN,NaN,NaN,NaN,34.0,34.4,33.3,57.0,92.2,43.6,43.9,46.8,59.1,33.2,35.9,41.1,48.1,39.9,49.3,61.7,42.6,55.0,66.3,29.000000,27.000000,26.000000,60.2,89.2
2019-01-15--12:17:48,NaN,NaN,NaN,NaN,NaN,NaN,34.0,34.3,33.3,57.1,92.2,43.6,43.9,46.8,59.1,33.2,35.9,41.1,48.1,39.9,49.3,61.7,42.6,55.0,66.3,30.000000,26.000000,26.000000,60.4,89.2
2019-01-15--12:21:24,NaN,NaN,NaN,NaN,NaN,NaN,34.0,34.3,33.3,57.1,92.2,43.6,43.9,46.8,59.1,33.2,35.9,41.1,48.1,39.9,49.3,61.7,42.6,55.0,66.3,30.000000,26.000000,26.000000,60.4,89.2
2019-01-15--12:25:00,NaN,NaN,NaN,NaN,NaN,NaN,34.0,34.3,33.3,57.1,92.2,43.6,43.9,46.8,59.1,33.2,35.9,41.1,48.1,39.9,49.3,61.7,42.6,55.0,66.3,30.000000,26.000000,26.000000,60.4,89.2
2019-01-15--12:28:36,NaN,NaN,NaN,NaN,NaN,NaN,34.0,34.3,33.3,57.1,92.2,43.6,43.9,46.8,59.1,33.2,35.9,41.1,48.1,39.9,49.3,61.7,42.6,55.0,66.3,30.000000,26.000000,26.000000,60.4,89.2
2019-01-15--12:32:12,NaN,NaN,NaN,NaN,NaN,NaN,34.0,34.3,33.3,57.1,92.2,43.6,43.8,46.8,59.1,33.1,35.8,41.1,48.1,39.9,49.2,61.6,42.6,55.0,66.2,NaN,26.000000,25.000000,60.2,89.2
2019-01-15--12:35:48,NaN,NaN,NaN,NaN,NaN,NaN,34.0,34.3,33.3,57.1,92.2,43.6,43.8,46.8,59.1,33.1,35.8,41.1,48.1,39.9,49.2,61.6,42.6,55.0,66.2,NaN,26.000000,25.000000,60.2,89.2
2019-01-15--12:39:24,NaN,NaN,NaN,NaN,NaN,NaN,34.0,34.3,33.3,57.1,92.2,43.6,43.8,46.8,59.1,33.1,35.8,41.1,48.1,39.9,49.2,61.6,42.6,55.0,66.2,NaN,26.000000,25.000000,60.2,89.2
2019-01-15--12:43:00,NaN,NaN,NaN,NaN,NaN,NaN,34.0,34.3,33.3,57.1,92.2,43.6,43.8,46.8,59.1,33.1,35.8,41.1,48.1,39.9,49.2,61.6,42.6,55.0,66.2,NaN,26.000000,25.000000,60.2,89.2
2019-01-15--12:46:36,NaN,NaN,NaN,NaN,NaN,NaN,34.0,34.3,33.4,57.2,92.2,43.6,43.8,46.8,59.1,33.1,35.8,41.1,48.1,39.9,49.2,61.6,42.6,55.0,66.2,NaN,27.000000,26.000000,60.3,89.2
2019-01-15--12:50:12,NaN,NaN,NaN,NaN,NaN,NaN,34.0,34.3,33.4,57.2,92.2,43.6,43.8,46.8,59.1,33.1,35.8,41.1,48.1,39.9,49.2,61.6,42.6,55.0,66.2,NaN,27.000000,26.000000,60.3,89.2
2019-01-15--12:53:48,NaN,NaN,NaN,NaN,NaN,NaN,34.0,34.3,33.4,57.2,92.2,43.6,43.8,46.8,59.1,33.1,35.8,41.1,48.1,39.9,49.2,61.6,42.6,55.0,66.2,NaN,27.000000,26.000000,60.3,89.2
2019-01-15--12:57:24,NaN,NaN,NaN,NaN,NaN,NaN,34.0,34.3,33.4,57.2,92.2,43.6,43.8,46.8,59.1,33.1,35.8,41.1,48.1,39.9,49.2,61.6,42.6,55.0,66.2,NaN,27.000000,26.000000,60.3,89.2
2019-01-15--13:01:00,NaN,NaN,NaN,NaN,NaN,NaN,34.0,34.3,33.4,57.2,92.2,43.6,43.8,46.8,59.1,33.1,35.8,41.1,48.1,39.9,49.2,61.6,42.6,55.0,66.2,NaN,27.000000,26.000000,60.3,89.2
2019-01-15--13:04:36,NaN,NaN,NaN,NaN,NaN,NaN,34.0,34.3,33.4,57.2,92.2,43.6,43.8,46.8,59.1,33.1,35.8,41.1,48.1,39.9,49.2,61.6,42.6,55.0,66.2,NaN,27.000000,26.000000,60.3,89.2
2019-01-15--13:08:12,NaN,NaN,NaN,NaN,NaN,NaN,34.0,34.3,33.4,57.2,92.2,43.6,43.8,46.8,59.1,33.1,35.8,41.1,48.1,39.9,49.2,61.6,42.6,55.0,66.2,NaN,27.000000,26.000000,60.3,89.2
2019-01-15--13:11:48,NaN,NaN,NaN,NaN,NaN,NaN,34.0,34.3,33.4,57.2,92.2,43.6,43.8,46.8,59.1,33.1,35.8,41.1,48.1,39.9,49.2,61.6,42.6,55.0,66.2,NaN,27.000000,26.000000,60.3,89.2
2019-01-15--13:15:24,NaN,NaN,NaN,NaN,NaN,NaN,34.0,34.3,33.4,57.2,92.2,43.6,43.8,46.8,59.1,33.1,35.8,41.1,48.1,39.9,49.2,61.6,42.6,55.0,66.2,29.000000,27.000000,26.000000,60.3,89.2
2019-01-15--13:19:00,NaN,NaN,NaN,NaN,NaN,NaN,34.0,34.3,33.4,57.2,92.2,43.6,43.9,46.9,59.1,33.1,35.8,41.1,48.1,39.9,49.2,61.6,42.6,55.0,66.2,29.000000,26.000000,26.000000,60.2,89.3
2019-01-15--13:22:36,NaN,NaN,NaN,NaN,NaN,NaN,34.0,34.3,33.4,57.2,92.2,43.6,43.9,46.9,59.1,33.1,35.8,41.1,48.1,39.9,49.2,61.6,42.6,55.0,66.2,29.000000,26.000000,26.000000,60.2,89.3
2019-01-15--13:26:12,NaN,NaN,NaN,NaN,NaN,NaN,34.0,34.3,33.4,57.2,92.2,43.6,43.9,46.9,59.1,33.1,35.8,41.1,48.1,39.9,49.2,61.6,42.6,55.0,66.2,29.000000,26.000000,26.000000,60.2,89.3
2019-01-15--13:29:48,NaN,NaN,NaN,NaN,NaN,NaN,34.0,34.3,33.4,57.2,92.2,43.6,43.9,46.9,59.1,33.1,35.8,41.1,48.1,39.9,49.2,61.6,42.6,55.0,66.2,29.000000,26.000000,26.000000,60.2,89.3
2019-01-15--13:33:24,NaN,NaN,NaN,NaN,NaN,NaN,34.0,34.3,33.4,57.3,92.2,43.6,43.9,46.9,59.1,33.1,35.8,41.1,48.1,40.0,49.2,61.6,42.6,55.0,66.1,29.000000,26.000000,26.000000,60.0,89.3
2019-01-15--13:37:00,NaN,NaN,NaN,NaN,NaN,NaN,34.0,34.3,33.4,57.3,92.2,43.6,43.9,46.9,59.1,33.1,35.8,41.1,48.1,40.0,49.2,61.6,42.6,55.0,66.1,29.000000,26.000000,26.000000,60.0,89.3
2019-01-15--13:40:36,NaN,NaN,NaN,NaN,NaN,NaN,34.0,34.3,33.4,57.3,92.2,43.6,43.9,46.9,59.1,33.1,35.8,41.1,48.1,40.0,49.2,61.6,42.6,55.0,66.1,29.000000,26.000000,26.000000,60.0,89.3
2019-01-15--13:44:12,NaN,NaN,NaN,NaN,NaN,NaN,34.0,34.3,33.4,57.3,92.2,43.6,43.9,46.9,59.1,33.1,35.8,41.1,48.1,40.0,49.2,61.6,42.6,55.0,66.1,29.000000,26.000000,26.000000,60.0,89.3
2019-01-15--13:47:48,NaN,NaN,NaN,NaN,NaN,NaN,33.9,34.3,33.4,57.3,92.2,43.5,43.9,46.9,59.1,33.2,35.8,41.1,48.1,40.0,49.1,61.6,42.6,55.0,66.1,29.000000,26.000000,26.000000,60.1,89.3
2019-01-15--13:51:24,NaN,NaN,NaN,NaN,NaN,NaN,33.9,34.3,33.4,57.3,92.2,43.5,43.9,46.9,59.1,33.2,35.8,41.1,48.1,40.0,49.1,61.6,42.6,55.0,66.1,29.000000,26.000000,26.000000,60.1,89.3
2019-01-15--13:55:00,NaN,NaN,NaN,NaN,NaN,NaN,33.9,34.3,33.4,57.3,92.2,43.5,43.9,46.9,59.1,33.2,35.8,41.1,48.1,40.0,49.1,61.6,42.6,55.0,66.1,29.000000,26.000000,26.000000,60.1,89.3
2019-01-15--13:58:36,NaN,NaN,NaN,NaN,NaN,NaN,33.9,34.3,33.4,57.3,92.2,43.5,43.9,46.9,59.1,33.2,35.8,41.1,48.1,40.0,49.1,61.6,42.6,55.0,66.1,29.000000,26.000000,26.000000,60.1,89.3
2019-01-15--14:02:12,NaN,NaN,NaN,NaN,NaN,NaN,33.9,34.2,33.5,57.3,92.1,43.5,43.8,46.9,59.1,33.2,35.9,41.1,48.1,39.9,49.1,61.6,42.5,55.1,66.1,28.000000,26.000000,25.000000,60.3,89.3
2019-01-15--14:05:48,NaN,NaN,NaN,NaN,NaN,NaN,33.9,34.2,33.5,57.3,92.1,43.5,43.8,46.9,59.1,33.2,35.9,41.1,48.1,39.9,49.1,61.6,42.5,55.1,66.1,28.000000,26.000000,25.000000,60.3,89.3
2019-01-15--14:09:24,NaN,NaN,NaN,NaN,NaN,NaN,33.9,34.2,33.5,57.3,92.1,43.5,43.8,46.9,59.1,33.2,35.9,41.1,48.1,39.9,49.1,61.6,42.5,55.1,66.1,28.000000,26.000000,25.000000,60.3,89.3
2019-01-15--14:13:00,NaN,NaN,NaN,NaN,NaN,NaN,33.9,34.2,33.5,57.3,92.1,43.5,43.8,46.9,59.1,33.2,35.9,41.1,48.1,39.9,49.1,61.6,42.5,55.1,66.1,28.000000,26.000000,25.000000,60.3,89.3
2019-01-15--14:16:36,NaN,NaN,NaN,NaN,NaN,NaN,33.9,34.2,33.5,57.3,92.1,43.5,43.8,46.9,59.1,33.2,35.9,41.1,48.1,39.9,49.0,61.5,42.5,55.1,66.1,29.000000,26.000000,26.000000,60.5,0.0
2019-01-15--14:20:12,NaN,NaN,NaN,NaN,NaN,NaN,33.9,34.2,33.5,57.3,92.1,43.5,43.8,46.9,59.1,33.2,35.9,41.1,48.1,39.9,49.0,61.5,42.5,55.1,66.1,29.000000,26.000000,26.000000,60.5,0.0
2019-01-15--14:23:48,NaN,NaN,NaN,NaN,NaN,NaN,33.9,34.2,33.5,57.3,92.1,43.5,43.8,46.9,59.1,33.2,35.9,41.1,48.1,39.9,49.0,61.5,42.5,55.1,66.1,29.000000,26.000000,26.000000,60.5,0.0
2019-01-15--14:27:24,NaN,NaN,NaN,NaN,NaN,NaN,33.9,34.2,33.5,57.3,92.1,43.5,43.8,46.9,59.1,33.2,35.9,41.1,48.1,39.9,49.0,61.5,42.5,55.1,66.1,29.000000,26.000000,26.000000,60.5,0.0
2019-01-15--14:31:00,NaN,NaN,NaN,NaN,NaN,NaN,33.8,34.2,33.5,57.3,92.1,43.5,43.8,46.9,59.1,33.2,35.9,41.1,48.1,40.0,49.0,61.5,42.5,55.1,66.1,30.000000,26.000000,26.000000,60.5,89.3
2019-01-15--14:34:36,NaN,NaN,NaN,NaN,NaN,NaN,33.8,34.2,33.5,57.3,92.1,43.5,43.8,46.9,59.1,33.2,35.9,41.1,48.1,40.0,49.0,61.5,42.5,55.1,66.1,30.000000,26.000000,26.000000,60.5,89.3
2019-01-15--14:38:12,NaN,NaN,NaN,NaN,NaN,NaN,33.8,34.2,33.5,57.3,92.1,43.5,43.8,46.9,59.1,33.2,35.9,41.1,48.1,40.0,49.0,61.5,42.5,55.1,66.1,30.000000,26.000000,26.000000,60.5,89.3
2019-01-15--14:41:48,NaN,NaN,NaN,NaN,NaN,NaN,33.8,34.2,33.5,57.3,92.1,43.5,43.8,46.9,59.1,33.2,35.9,41.1,48.1,40.0,49.0,61.5,42.5,55.1,66.1,30.000000,26.000000,26.000000,60.5,89.3
2019-01-15--14:45:24,NaN,NaN,NaN,NaN,NaN,NaN,33.8,34.2,33.5,57.3,92.1,43.5,43.8,46.9,59.1,33.2,35.9,41.1,48.1,40.1,49.0,61.4,42.5,55.1,66.1,30.000000,26.000000,26.000000,60.5,89.3
2019-01-15--14:49:00,NaN,NaN,NaN,NaN,NaN,NaN,33.8,34.2,33.5,57.3,92.1,43.5,43.8,46.9,59.1,33.2,35.9,41.1,48.1,40.1,49.0,61.4,42.5,55.1,66.1,31.000000,26.000000,26.000000,60.4,89.3
2019-01-15--14:52:36,NaN,NaN,NaN,NaN,NaN,NaN,33.8,34.2,33.5,57.3,92.1,43.5,43.8,46.9,59.1,33.2,35.9,41.1,48.1,40.1,49.0,61.4,42.5,55.1,66.1,31.000000,26.000000,26.000000,60.4,89.3
2019-01-15--14:56:12,NaN,NaN,NaN,NaN,NaN,NaN,33.8,34.2,33.5,57.3,92.1,43.5,43.8,46.9,59.1,33.2,35.9,41.1,48.1,40.1,49.0,61.4,42.5,55.1,66.1,31.000000,26.000000,26.000000,60.4,89.3
2019-01-15--14:59:48,NaN,NaN,NaN,NaN,NaN,NaN,33.8,34.2,33.5,57.3,92.1,43.5,43.8,46.9,59.1,33.2,35.9,41.1,48.1,40.1,49.0,61.4,42.5,55.1,66.1,31.000000,26.000000,26.000000,60.4,89.3
2019-01-15--15:03:24,NaN,NaN,NaN,NaN,NaN,NaN,33.8,34.2,33.5,57.3,92.1,43.5,43.8,46.9,59.1,33.1,35.8,41.1,48.1,40.1,49.0,61.4,42.5,55.1,66.1,31.000000,26.000000,26.000000,59.8,89.3
2019-01-15--15:07:00,NaN,NaN,NaN,NaN,NaN,NaN,33.8,34.2,33.5,57.3,92.1,43.5,43.8,46.9,59.1,33.1,35.8,41.1,48.1,40.1,49.0,61.4,42.5,55.1,66.1,31.000000,26.000000,26.000000,59.8,89.3
2019-01-15--15:10:36,NaN,NaN,NaN,NaN,NaN,NaN,33.8,34.2,33.5,57.3,92.1,43.5,43.8,46.9,59.1,33.1,35.8,41.1,48.1,40.1,49.0,61.4,42.5,55.1,66.1,31.000000,26.000000,26.000000,59.8,89.3
2019-01-15--15:14:12,NaN,NaN,NaN,NaN,NaN,NaN,33.8,34.2,33.5,57.3,92.1,43.5,43.8,46.9,59.1,33.1,35.8,41.1,48.1,40.1,49.0,61.4,42.5,55.1,66.1,31.000000,26.000000,26.000000,59.8,89.3
2019-01-15--15:17:48,NaN,NaN,NaN,NaN,NaN,NaN,33.8,34.2,33.5,57.3,92.1,43.5,43.8,46.9,59.1,33.1,35.7,41.1,48.1,40.1,49.1,61.4,42.5,55.1,66.0,31.000000,26.000000,26.000000,59.1,89.3
2019-01-15--15:21:24,NaN,NaN,NaN,NaN,NaN,NaN,33.8,34.2,33.5,57.3,92.1,43.5,43.8,46.9,59.1,33.1,35.7,41.1,48.1,40.1,49.1,61.4,42.5,55.1,66.0,31.000000,26.000000,26.000000,59.1,89.3
2019-01-15--15:25:00,NaN,NaN,NaN,NaN,NaN,NaN,33.8,34.2,33.5,57.3,92.1,43.5,43.8,46.9,59.1,33.1,35.7,41.1,48.1,40.1,49.1,61.4,42.5,55.1,66.0,31.000000,26.000000,26.000000,59.1,89.3
2019-01-15--15:28:36,NaN,NaN,NaN,NaN,NaN,NaN,33.8,34.2,33.5,57.3,92.1,43.5,43.8,46.9,59.1,33.1,35.7,41.1,48.1,40.1,49.1,61.4,42.5,55.1,66.0,31.000000,26.000000,26.000000,59.1,89.3
2019-01-15--15:32:12,NaN,NaN,NaN,NaN,NaN,NaN,33.9,34.2,33.5,57.2,92.1,43.5,43.8,46.9,59.0,33.1,35.7,41.1,48.1,40.1,49.1,61.5,42.5,55.1,66.0,31.000000,26.000000,26.000000,58.6,89.3
2019-01-15--15:35:48,NaN,NaN,NaN,NaN,NaN,NaN,33.9,34.2,33.5,57.2,92.1,43.5,43.8,46.9,59.0,33.1,35.7,41.1,48.1,40.1,49.1,61.5,42.5,55.1,66.0,31.000000,26.000000,26.000000,58.6,89.3
2019-01-15--15:39:24,NaN,NaN,NaN,NaN,NaN,NaN,33.9,34.2,33.5,57.2,92.1,43.5,43.8,46.9,59.0,33.1,35.7,41.1,48.1,40.1,49.1,61.5,42.5,55.1,66.0,31.000000,26.000000,26.000000,58.6,89.3
2019-01-15--15:43:00,NaN,NaN,NaN,NaN,NaN,NaN,33.9,34.2,33.5,57.2,92.1,43.5,43.8,46.9,59.0,33.1,35.7,41.1,48.1,40.1,49.1,61.5,42.5,55.1,66.0,31.000000,26.000000,26.000000,58.6,89.3
2019-01-15--15:46:36,NaN,NaN,NaN,NaN,NaN,NaN,33.9,34.3,33.5,57.2,92.1,43.5,43.8,46.9,59.0,33.0,35.7,41.1,48.1,40.1,49.1,61.5,42.5,55.0,66.0,32.000000,26.000000,26.000000,58.2,89.3
2019-01-15--15:50:12,NaN,NaN,NaN,NaN,NaN,NaN,33.9,34.3,33.5,57.2,92.1,43.5,43.8,46.9,59.0,33.0,35.7,41.1,48.1,40.1,49.1,61.5,42.5,55.0,66.0,32.000000,26.000000,26.000000,58.2,89.3
2019-01-15--15:53:48,NaN,NaN,NaN,NaN,NaN,NaN,33.9,34.3,33.5,57.2,92.1,43.5,43.8,46.9,59.0,33.0,35.7,41.1,48.1,40.1,49.1,61.5,42.5,55.0,66.0,32.000000,26.000000,26.000000,58.2,89.3
2019-01-15--15:57:24,NaN,NaN,NaN,NaN,NaN,NaN,33.9,34.3,33.5,57.2,92.1,43.5,43.8,46.9,59.0,33.0,35.7,41.1,48.1,40.1,49.1,61.5,42.5,55.0,66.0,32.000000,26.000000,26.000000,58.2,89.3
2019-01-15--16:01:00,NaN,NaN,NaN,NaN,NaN,NaN,33.9,34.2,33.5,57.2,92.0,43.5,43.8,46.9,59.0,33.0,35.7,41.1,48.1,40.1,49.1,61.5,42.5,55.0,66.0,32.000000,26.000000,26.000000,58.0,89.3
2019-01-15--16:04:36,NaN,NaN,NaN,NaN,NaN,NaN,33.9,34.2,33.5,57.2,92.0,43.5,43.8,46.9,59.0,33.0,35.7,41.1,48.1,40.1,49.1,61.5,42.5,55.0,66.0,32.000000,26.000000,26.000000,58.0,89.3
2019-01-15--16:08:12,NaN,NaN,NaN,NaN,NaN,NaN,33.9,34.2,33.5,57.2,92.0,43.5,43.8,46.9,59.0,33.0,35.7,41.1,48.1,40.1,49.1,61.5,42.5,55.0,66.0,32.000000,26.000000,26.000000,58.0,89.3
2019-01-15--16:11:48,NaN,NaN,NaN,NaN,NaN,NaN,33.9,34.2,33.5,57.2,92.0,43.5,43.8,46.9,59.0,33.0,35.7,41.1,48.1,40.1,49.1,61.5,42.5,55.0,66.0,32.000000,26.000000,26.000000,58.0,89.3
2019-01-15--16:15:24,NaN,NaN,NaN,NaN,NaN,NaN,34.0,34.3,33.5,57.2,92.0,43.5,43.8,46.9,59.0,33.0,35.6,41.1,48.1,40.1,49.1,61.5,42.5,55.0,65.9,32.000000,26.000000,26.000000,58.0,89.3
2019-01-15--16:19:00,NaN,NaN,NaN,NaN,NaN,NaN,34.0,34.3,33.5,57.2,92.0,43.5,43.8,46.9,59.0,33.0,35.6,41.1,48.1,40.1,49.1,61.5,42.5,55.0,65.9,32.000000,26.000000,26.000000,57.7,89.3
2019-01-15--16:22:36,NaN,NaN,NaN,NaN,NaN,NaN,34.0,34.3,33.5,57.2,92.0,43.5,43.8,46.9,59.0,33.0,35.6,41.1,48.1,40.1,49.1,61.5,42.5,55.0,65.9,32.000000,26.000000,26.000000,57.7,89.3
2019-01-15--16:26:12,NaN,NaN,NaN,NaN,NaN,NaN,34.0,34.3,33.5,57.2,92.0,43.5,43.8,46.9,59.0,33.0,35.6,41.1,48.1,40.1,49.1,61.5,42.5,55.0,65.9,32.000000,26.000000,26.000000,57.7,89.3
2019-01-15--16:29:48,NaN,NaN,NaN,NaN,NaN,NaN,34.0,34.3,33.5,57.2,92.0,43.5,43.8,46.9,59.0,33.0,35.6,41.1,48.1,40.1,49.1,61.5,42.5,55.0,65.9,32.000000,26.000000,26.000000,57.7,89.3
2019-01-15--16:33:24,NaN,NaN,NaN,NaN,NaN,NaN,33.9,34.3,33.5,57.1,92.0,43.5,43.8,46.9,59.0,33.0,35.6,41.1,48.1,40.1,49.1,61.5,42.5,55.0,65.9,30.000000,27.000000,26.000000,57.6,89.3
2019-01-15--16:37:00,NaN,NaN,NaN,NaN,NaN,NaN,33.9,34.3,33.5,57.1,92.0,43.5,43.8,46.9,59.0,33.0,35.6,41.1,48.1,40.1,49.1,61.5,42.5,55.0,65.9,30.000000,27.000000,26.000000,57.6,89.3
2019-01-15--16:40:36,NaN,NaN,NaN,NaN,NaN,NaN,33.9,34.3,33.5,57.1,92.0,43.5,43.8,46.9,59.0,33.0,35.6,41.1,48.1,40.1,49.1,61.5,42.5,55.0,65.9,30.000000,27.000000,26.000000,57.6,89.3
2019-01-15--16:44:12,NaN,NaN,NaN,NaN,NaN,NaN,33.9,34.3,33.5,57.1,92.0,43.5,43.8,46.9,59.0,33.0,35.6,41.1,48.1,40.1,49.1,61.5,42.5,55.0,65.9,30.000000,27.000000,26.000000,57.6,89.3
2019-01-15--16:47:48,NaN,NaN,NaN,NaN,NaN,NaN,33.9,34.3,33.5,57.1,91.9,43.5,43.8,46.9,59.0,33.0,35.6,41.1,48.1,40.1,49.1,61.5,42.5,55.0,65.9,31.000000,26.000000,26.000000,57.4,89.3
2019-01-15--16:51:24,NaN,NaN,NaN,NaN,NaN,NaN,33.9,34.3,33.5,57.1,91.9,43.5,43.8,46.9,59.0,33.0,35.6,41.1,48.1,40.1,49.1,61.5,42.5,55.0,65.9,31.000000,26.000000,26.000000,57.4,89.3
2019-01-15--16:55:00,NaN,NaN,NaN,NaN,NaN,NaN,33.9,34.3,33.5,57.1,91.9,43.5,43.8,46.9,59.0,33.0,35.6,41.1,48.1,40.1,49.1,61.5,42.5,55.0,65.9,31.000000,26.000000,26.000000,57.4,89.3
2019-01-15--16:58:36,NaN,NaN,NaN,NaN,NaN,NaN,33.9,34.3,33.5,57.1,91.9,43.5,43.8,46.9,59.0,33.0,35.6,41.1,48.1,40.1,49.1,61.5,42.5,55.0,65.9,31.000000,26.000000,26.000000,57.4,89.3
2019-01-15--17:02:12,NaN,NaN,NaN,NaN,NaN,NaN,34.0,34.3,33.5,57.1,91.9,43.5,43.8,47.0,59.0,33.0,35.6,41.1,48.1,40.2,49.1,61.5,42.5,55.0,65.9,30.000000,26.000000,26.000000,57.4,89.3
2019-01-15--17:05:48,NaN,NaN,NaN,NaN,NaN,NaN,34.0,34.3,33.5,57.1,91.9,43.5,43.8,47.0,59.0,33.0,35.6,41.1,48.1,40.2,49.1,61.5,42.5,55.0,65.9,30.000000,26.000000,26.000000,57.4,89.3
2019-01-15--17:09:24,NaN,NaN,NaN,NaN,NaN,NaN,34.0,34.3,33.5,57.1,91.9,43.5,43.8,47.0,59.0,33.0,35.6,41.1,48.1,40.2,49.1,61.5,42.5,55.0,65.9,30.000000,26.000000,26.000000,57.4,89.3
2019-01-15--17:13:00,NaN,NaN,NaN,NaN,NaN,NaN,34.0,34.3,33.5,57.1,91.9,43.5,43.8,47.0,59.0,33.0,35.6,41.1,48.1,40.2,49.1,61.5,42.5,55.0,65.9,30.000000,26.000000,26.000000,57.4,89.3
2019-01-15--17:16:36,NaN,NaN,NaN,NaN,NaN,NaN,33.9,34.3,33.4,57.0,92.0,43.5,43.8,46.9,59.0,33.0,35.6,41.1,48.0,40.2,49.1,61.5,42.5,55.0,65.9,30.000000,26.000000,26.000000,57.2,89.3
2019-01-15--17:20:12,NaN,NaN,NaN,NaN,NaN,NaN,33.9,34.3,33.4,57.0,92.0,43.5,43.8,46.9,59.0,33.0,35.6,41.1,48.0,40.2,49.1,61.5,42.5,55.0,65.9,30.000000,26.000000,26.000000,57.2,89.3
2019-01-15--17:23:48,NaN,NaN,NaN,NaN,NaN,NaN,33.9,34.3,33.4,57.0,92.0,43.5,43.8,46.9,59.0,33.0,35.6,41.1,48.0,40.2,49.1,61.5,42.5,55.0,65.9,30.000000,26.000000,26.000000,57.2,89.3
2019-01-15--17:27:24,NaN,NaN,NaN,NaN,NaN,NaN,33.9,34.3,33.4,57.0,92.0,43.5,43.8,46.9,59.0,33.0,35.6,41.1,48.0,40.2,49.1,61.5,42.5,55.0,65.9,30.000000,26.000000,26.000000,57.2,89.3
2019-01-15--17:31:00,NaN,NaN,NaN,NaN,NaN,NaN,34.0,34.3,33.4,56.9,91.9,43.5,43.8,47.0,59.0,32.9,35.6,41.1,48.0,40.2,49.1,61.5,42.5,55.0,65.8,31.000000,26.000000,26.000000,0.0,0.0
2019-01-15--17:34:36,NaN,NaN,NaN,NaN,NaN,NaN,34.0,34.3,33.4,56.9,91.9,43.5,43.8,47.0,59.0,32.9,35.6,41.1,48.0,40.2,49.1,61.5,42.5,55.0,65.8,31.000000,26.000000,26.000000,0.0,0.0
2019-01-15--17:38:12,NaN,NaN,NaN,NaN,NaN,NaN,34.0,34.3,33.4,56.9,91.9,43.5,43.8,47.0,59.0,32.9,35.6,41.1,48.0,40.2,49.1,61.5,42.5,55.0,65.8,31.000000,26.000000,26.000000,0.0,0.0
2019-01-15--17:41:48,NaN,NaN,NaN,NaN,NaN,NaN,34.0,34.3,33.4,56.9,91.9,43.5,43.8,47.0,59.0,32.9,35.6,41.1,48.0,40.2,49.1,61.5,42.5,55.0,65.8,31.000000,26.000000,26.000000,0.0,0.0
2019-01-15--17:45:24,NaN,NaN,NaN,NaN,NaN,NaN,34.0,34.3,33.4,56.9,91.9,43.5,43.8,47.0,59.0,32.9,35.6,41.1,48.0,40.2,49.1,61.5,42.5,55.0,65.8,31.000000,26.000000,26.000000,0.0,0.0
2019-01-15--17:49:00,NaN,NaN,NaN,NaN,NaN,NaN,34.0,34.3,33.4,56.9,91.9,43.6,43.8,46.9,59.0,32.9,35.6,41.1,48.0,40.3,49.1,61.5,42.5,55.0,65.8,32.000000,26.000000,26.000000,0.0,0.0
2019-01-15--17:52:36,NaN,NaN,NaN,NaN,NaN,NaN,34.0,34.3,33.4,56.9,91.9,43.6,43.8,46.9,59.0,32.9,35.6,41.1,48.0,40.3,49.1,61.5,42.5,55.0,65.8,32.000000,26.000000,26.000000,0.0,0.0
2019-01-15--17:56:12,NaN,NaN,NaN,NaN,NaN,NaN,34.0,34.3,33.4,56.9,91.9,43.6,43.8,46.9,59.0,32.9,35.6,41.1,48.0,40.3,49.1,61.5,42.5,55.0,65.8,32.000000,26.000000,26.000000,0.0,0.0
2019-01-15--17:59:48,NaN,NaN,NaN,NaN,NaN,NaN,34.0,34.3,33.4,56.9,91.9,43.6,43.8,46.9,59.0,32.9,35.6,41.1,48.0,40.3,49.1,61.5,42.5,55.0,65.8,32.000000,26.000000,26.000000,0.0,0.0
2019-01-15--18:03:24,NaN,NaN,NaN,NaN,NaN,NaN,34.0,34.3,33.4,56.8,91.9,43.5,43.8,47.0,59.0,32.9,35.6,41.1,48.0,40.3,49.1,61.5,42.5,55.0,65.8,32.000000,26.000000,26.000000,0.0,0.0
2019-01-15--18:07:00,NaN,NaN,NaN,NaN,NaN,NaN,34.0,34.3,33.4,56.8,91.9,43.5,43.8,47.0,59.0,32.9,35.6,41.1,48.0,40.3,49.1,61.5,42.5,55.0,65.8,32.000000,26.000000,26.000000,0.0,0.0
2019-01-15--18:10:36,NaN,NaN,NaN,NaN,NaN,NaN,34.0,34.3,33.4,56.8,91.9,43.5,43.8,47.0,59.0,32.9,35.6,41.1,48.0,40.3,49.1,61.5,42.5,55.0,65.8,32.000000,26.000000,26.000000,0.0,0.0
2019-01-15--18:14:12,NaN,NaN,NaN,NaN,NaN,NaN,34.0,34.3,33.4,56.8,91.9,43.5,43.8,47.0,59.0,32.9,35.6,41.1,48.0,40.3,49.1,61.5,42.5,55.0,65.8,32.000000,26.000000,26.000000,0.0,0.0
2019-01-15--18:17:48,NaN,NaN,NaN,NaN,NaN,NaN,33.9,34.2,33.4,56.8,91.9,43.6,43.8,47.0,59.0,32.9,35.6,41.1,48.0,40.3,49.1,61.5,42.5,55.0,65.8,31.000000,26.000000,26.000000,0.0,0.0
2019-01-15--18:21:24,NaN,NaN,NaN,NaN,NaN,NaN,33.9,34.2,33.4,56.8,91.9,43.6,43.8,47.0,59.0,32.9,35.6,41.1,48.0,40.3,49.1,61.5,42.5,55.0,65.8,31.000000,26.000000,26.000000,0.0,0.0
2019-01-15--18:25:00,NaN,NaN,NaN,NaN,NaN,NaN,33.9,34.2,33.4,56.8,91.9,43.6,43.8,47.0,59.0,32.9,35.6,41.1,48.0,40.3,49.1,61.5,42.5,55.0,65.8,31.000000,26.000000,26.000000,0.0,0.0
2019-01-15--18:28:36,NaN,NaN,NaN,NaN,NaN,NaN,33.9,34.2,33.4,56.8,91.9,43.6,43.8,47.0,59.0,32.9,35.6,41.1,48.0,40.3,49.1,61.5,42.5,55.0,65.8,31.000000,26.000000,26.000000,0.0,0.0
2019-01-15--18:32:12,NaN,NaN,NaN,NaN,NaN,NaN,33.9,34.3,33.4,56.7,91.9,43.5,43.8,47.0,59.0,32.9,35.5,41.1,48.0,40.3,49.1,61.6,42.5,55.0,65.8,31.000000,26.000000,26.000000,0.0,0.0
2019-01-15--18:35:48,NaN,NaN,NaN,NaN,NaN,NaN,33.9,34.3,33.4,56.7,91.9,43.5,43.8,47.0,59.0,32.9,35.5,41.1,48.0,40.3,49.1,61.6,42.5,55.0,65.8,31.000000,26.000000,26.000000,0.0,0.0
2019-01-15--18:39:24,NaN,NaN,NaN,NaN,NaN,NaN,33.9,34.3,33.4,56.7,91.9,43.5,43.8,47.0,59.0,32.9,35.5,41.1,48.0,40.3,49.1,61.6,42.5,55.0,65.8,31.000000,26.000000,26.000000,0.0,0.0
2019-01-15--18:43:00,NaN,NaN,NaN,NaN,NaN,NaN,33.9,34.3,33.4,56.7,91.9,43.5,43.8,47.0,59.0,32.9,35.5,41.1,48.0,40.3,49.1,61.6,42.5,55.0,65.8,31.000000,26.000000,26.000000,0.0,0.0
2019-01-15--18:46:36,NaN,NaN,NaN,NaN,NaN,NaN,33.9,34.3,33.4,56.7,91.9,43.6,43.8,47.0,59.0,32.9,35.5,41.1,48.0,40.3,49.1,61.5,42.5,55.0,65.7,32.000000,26.000000,26.000000,0.0,0.0
2019-01-15--18:50:12,NaN,NaN,NaN,NaN,NaN,NaN,33.9,34.3,33.4,56.7,91.9,43.6,43.8,47.0,59.0,32.9,35.5,41.1,48.0,40.3,49.1,61.5,42.5,55.0,65.7,32.000000,26.000000,26.000000,0.0,0.0
2019-01-15--18:53:48,NaN,NaN,NaN,NaN,NaN,NaN,33.9,34.3,33.4,56.7,91.9,43.6,43.8,47.0,59.0,32.9,35.5,41.1,48.0,40.3,49.1,61.5,42.5,55.0,65.7,32.000000,26.000000,26.000000,0.0,0.0
2019-01-15--18:57:24,NaN,NaN,NaN,NaN,NaN,NaN,33.9,34.3,33.4,56.7,91.9,43.6,43.8,47.0,59.0,32.9,35.5,41.1,48.0,40.3,49.1,61.5,42.5,55.0,65.7,32.000000,26.000000,26.000000,0.0,0.0
2019-01-15--19:01:00,NaN,NaN,NaN,NaN,NaN,NaN,33.9,34.3,33.4,56.7,91.9,43.6,43.8,47.0,58.9,32.9,35.5,41.1,48.0,40.3,49.1,61.6,42.5,55.0,65.7,32.000000,26.000000,26.000000,0.0,0.0
2019-01-15--19:04:36,NaN,NaN,NaN,NaN,NaN,NaN,33.9,34.3,33.4,56.7,91.9,43.6,43.8,47.0,58.9,32.9,35.5,41.1,48.0,40.3,49.1,61.6,42.5,55.0,65.7,32.000000,26.000000,26.000000,0.0,0.0
2019-01-15--19:08:12,NaN,NaN,NaN,NaN,NaN,NaN,33.9,34.3,33.4,56.7,91.9,43.6,43.8,47.0,58.9,32.9,35.5,41.1,48.0,40.3,49.1,61.6,42.5,55.0,65.7,32.000000,26.000000,26.000000,0.0,0.0
2019-01-15--19:11:48,NaN,NaN,NaN,NaN,NaN,NaN,33.9,34.3,33.4,56.7,91.9,43.6,43.8,47.0,58.9,32.9,35.5,41.1,48.0,40.3,49.1,61.6,42.5,55.0,65.7,32.000000,26.000000,26.000000,0.0,0.0
2019-01-15--19:15:24,NaN,NaN,NaN,NaN,NaN,NaN,34.0,34.2,33.4,56.6,91.9,43.6,43.8,47.0,58.9,32.9,35.5,41.1,48.0,40.3,49.2,61.6,42.5,55.0,65.7,32.000000,26.000000,26.000000,0.0,0.0
2019-01-15--19:19:00,NaN,NaN,NaN,NaN,NaN,NaN,34.0,34.2,33.4,56.6,91.9,43.6,43.8,47.0,58.9,32.9,35.5,41.1,48.0,40.3,49.2,61.6,42.5,55.0,65.7,32.000000,27.000000,26.000000,0.0,0.0
2019-01-15--19:22:36,NaN,NaN,NaN,NaN,NaN,NaN,34.0,34.2,33.4,56.6,91.9,43.6,43.8,47.0,58.9,32.9,35.5,41.1,48.0,40.3,49.2,61.6,42.5,55.0,65.7,32.000000,27.000000,26.000000,0.0,0.0
2019-01-15--19:26:12,NaN,NaN,NaN,NaN,NaN,NaN,34.0,34.2,33.4,56.6,91.9,43.6,43.8,47.0,58.9,32.9,35.5,41.1,48.0,40.3,49.2,61.6,42.5,55.0,65.7,32.000000,27.000000,26.000000,0.0,0.0
2019-01-15--19:29:48,NaN,NaN,NaN,NaN,NaN,NaN,34.0,34.2,33.4,56.6,91.9,43.6,43.8,47.0,58.9,32.9,35.5,41.1,48.0,40.3,49.2,61.6,42.5,55.0,65.7,32.000000,27.000000,26.000000,0.0,0.0
2019-01-15--19:33:24,NaN,NaN,NaN,NaN,NaN,NaN,34.0,34.3,33.3,56.6,91.9,43.5,43.8,46.9,58.9,32.9,35.5,41.1,48.0,40.4,49.2,61.6,42.5,55.0,65.7,32.000000,27.000000,27.000000,0.0,0.0
2019-01-15--19:37:00,NaN,NaN,NaN,NaN,NaN,NaN,34.0,34.3,33.3,56.6,91.9,43.5,43.8,46.9,58.9,32.9,35.5,41.1,48.0,40.4,49.2,61.6,42.5,55.0,65.7,32.000000,27.000000,27.000000,0.0,0.0
2019-01-15--19:40:36,NaN,NaN,NaN,NaN,NaN,NaN,34.0,34.3,33.3,56.6,91.9,43.5,43.8,46.9,58.9,32.9,35.5,41.1,48.0,40.4,49.2,61.6,42.5,55.0,65.7,32.000000,27.000000,27.000000,0.0,0.0
2019-01-15--19:44:12,NaN,NaN,NaN,NaN,NaN,NaN,34.0,34.3,33.3,56.6,91.9,43.5,43.8,46.9,58.9,32.9,35.5,41.1,48.0,40.4,49.2,61.6,42.5,55.0,65.7,32.000000,27.000000,27.000000,0.0,0.0
2019-01-15--19:47:48,NaN,NaN,NaN,NaN,NaN,NaN,34.0,34.3,33.3,56.6,91.9,43.5,43.8,46.9,58.9,32.9,35.5,41.1,48.0,40.4,49.2,61.6,42.5,54.9,65.6,32.000000,27.000000,27.000000,0.0,0.0
2019-01-15--19:51:24,NaN,NaN,NaN,NaN,NaN,NaN,34.0,34.3,33.3,56.6,91.9,43.5,43.8,46.9,58.9,32.9,35.5,41.1,48.0,40.4,49.2,61.6,42.5,54.9,65.6,32.000000,27.000000,27.000000,0.0,0.0
2019-01-15--19:55:00,NaN,NaN,NaN,NaN,NaN,NaN,34.0,34.3,33.3,56.6,91.9,43.5,43.8,46.9,58.9,32.9,35.5,41.1,48.0,40.4,49.2,61.6,42.5,54.9,65.6,32.000000,27.000000,27.000000,0.0,0.0
2019-01-15--19:58:36,NaN,NaN,NaN,NaN,NaN,NaN,34.0,34.3,33.3,56.6,91.9,43.5,43.8,46.9,58.9,32.9,35.5,41.1,48.0,40.4,49.2,61.6,42.5,54.9,65.6,32.000000,27.000000,27.000000,0.0,0.0
2019-01-15--20:02:12,NaN,NaN,NaN,NaN,NaN,NaN,34.0,34.3,33.3,56.6,91.9,43.6,43.8,46.9,58.9,32.8,35.5,41.1,48.0,40.4,49.2,61.6,42.5,54.9,65.6,32.000000,27.000000,27.000000,0.0,0.0
2019-01-15--20:05:48,NaN,NaN,NaN,NaN,NaN,NaN,34.0,34.3,33.3,56.6,91.9,43.6,43.8,46.9,58.9,32.8,35.5,41.1,48.0,40.4,49.2,61.6,42.5,54.9,65.6,32.000000,27.000000,27.000000,0.0,0.0
2019-01-15--20:09:24,NaN,NaN,NaN,NaN,NaN,NaN,34.0,34.3,33.3,56.6,91.9,43.6,43.8,46.9,58.9,32.8,35.5,41.1,48.0,40.4,49.2,61.6,42.5,54.9,65.6,32.000000,27.000000,27.000000,0.0,0.0
2019-01-15--20:13:00,NaN,NaN,NaN,NaN,NaN,NaN,34.0,34.3,33.3,56.6,91.9,43.6,43.8,46.9,58.9,32.8,35.5,41.1,48.0,40.4,49.2,61.6,42.5,54.9,65.6,32.000000,27.000000,27.000000,0.0,0.0
2019-01-15--20:16:36,NaN,NaN,NaN,NaN,NaN,NaN,34.0,34.3,33.3,56.5,91.9,43.6,43.8,46.9,58.9,32.8,35.5,41.1,48.0,40.4,49.2,61.6,42.5,54.9,65.6,33.000000,27.000000,27.000000,0.0,0.0
2019-01-15--20:20:12,NaN,NaN,NaN,NaN,NaN,NaN,34.0,34.3,33.3,56.5,91.9,43.6,43.8,46.9,58.9,32.8,35.5,41.1,48.0,40.4,49.2,61.6,42.5,54.9,65.6,33.000000,27.000000,27.000000,0.0,0.0
2019-01-15--20:23:48,NaN,NaN,NaN,NaN,NaN,NaN,34.0,34.3,33.3,56.5,91.9,43.6,43.8,46.9,58.9,32.8,35.5,41.1,48.0,40.4,49.2,61.6,42.5,54.9,65.6,33.000000,27.000000,27.000000,0.0,0.0
2019-01-15--20:27:24,NaN,NaN,NaN,NaN,NaN,NaN,34.0,34.3,33.3,56.5,91.9,43.6,43.8,46.9,58.9,32.8,35.5,41.1,48.0,40.4,49.2,61.6,42.5,54.9,65.6,33.000000,27.000000,27.000000,0.0,0.0
2019-01-15--20:31:00,NaN,NaN,NaN,NaN,NaN,NaN,34.0,34.3,33.3,56.5,91.9,43.6,43.8,46.9,58.9,32.8,35.5,41.1,48.0,40.4,49.3,61.6,42.5,54.9,65.6,32.000000,27.000000,27.000000,0.0,0.0
2019-01-15--20:34:36,NaN,NaN,NaN,NaN,NaN,NaN,34.0,34.3,33.3,56.5,91.9,43.6,43.8,46.9,58.9,32.8,35.5,41.1,48.0,40.4,49.3,61.6,42.5,54.9,65.6,32.000000,27.000000,27.000000,0.0,0.0
2019-01-15--20:38:12,NaN,NaN,NaN,NaN,NaN,NaN,34.0,34.3,33.3,56.5,91.9,43.6,43.8,46.9,58.9,32.8,35.5,41.1,48.0,40.4,49.3,61.6,42.5,54.9,65.6,32.000000,27.000000,27.000000,0.0,0.0
2019-01-15--20:41:48,NaN,NaN,NaN,NaN,NaN,NaN,34.0,34.3,33.3,56.5,91.9,43.6,43.8,46.9,58.9,32.8,35.5,41.1,48.0,40.4,49.3,61.6,42.5,54.9,65.6,32.000000,27.000000,27.000000,0.0,0.0
2019-01-15--20:45:24,NaN,NaN,NaN,NaN,NaN,NaN,34.0,34.3,33.3,56.5,91.9,43.6,43.8,46.9,58.9,32.8,35.4,41.1,48.0,40.4,49.3,61.6,42.5,54.9,65.6,32.000000,27.000000,27.000000,0.0,0.0
2019-01-15--20:49:00,NaN,NaN,NaN,NaN,NaN,NaN,34.0,34.3,33.3,56.5,91.9,43.6,43.8,46.9,58.9,32.8,35.4,41.1,48.0,40.4,49.3,61.6,42.5,54.9,65.6,32.000000,27.000000,27.000000,0.0,0.0
2019-01-15--20:52:36,NaN,NaN,NaN,NaN,NaN,NaN,34.0,34.3,33.3,56.5,91.9,43.6,43.8,46.9,58.9,32.8,35.4,41.1,48.0,40.4,49.3,61.6,42.5,54.9,65.6,32.000000,27.000000,27.000000,0.0,0.0
2019-01-15--20:56:12,NaN,NaN,NaN,NaN,NaN,NaN,34.0,34.3,33.3,56.5,91.9,43.6,43.8,46.9,58.9,32.8,35.4,41.1,48.0,40.4,49.3,61.6,42.5,54.9,65.6,32.000000,27.000000,27.000000,0.0,0.0
2019-01-15--20:59:48,NaN,NaN,NaN,NaN,NaN,NaN,34.0,34.3,33.3,56.5,91.9,43.6,43.8,46.9,58.9,32.8,35.4,41.1,48.0,40.4,49.3,61.6,42.5,54.9,65.6,32.000000,27.000000,27.000000,0.0,0.0
2019-01-15--21:03:24,NaN,NaN,NaN,NaN,NaN,NaN,33.9,34.3,33.2,56.4,92.0,43.6,43.8,46.9,58.9,32.8,35.4,41.1,48.0,40.5,49.3,61.6,42.5,54.9,65.5,33.000000,27.000000,27.000000,0.0,0.0
2019-01-15--21:07:00,NaN,NaN,NaN,NaN,NaN,NaN,33.9,34.3,33.2,56.4,92.0,43.6,43.8,46.9,58.9,32.8,35.4,41.1,48.0,40.5,49.3,61.6,42.5,54.9,65.5,33.000000,27.000000,27.000000,0.0,0.0
2019-01-15--21:10:36,NaN,NaN,NaN,NaN,NaN,NaN,33.9,34.3,33.2,56.4,92.0,43.6,43.8,46.9,58.9,32.8,35.4,41.1,48.0,40.5,49.3,61.6,42.5,54.9,65.5,33.000000,27.000000,27.000000,0.0,0.0
2019-01-15--21:14:12,NaN,NaN,NaN,NaN,NaN,NaN,33.9,34.3,33.2,56.4,92.0,43.6,43.8,46.9,58.9,32.8,35.4,41.1,48.0,40.5,49.3,61.6,42.5,54.9,65.5,33.000000,27.000000,27.000000,0.0,0.0
2019-01-15--21:17:48,NaN,NaN,NaN,NaN,NaN,NaN,34.0,34.2,33.2,56.4,92.0,43.6,43.8,46.9,58.9,32.8,35.4,41.1,48.0,40.5,49.3,61.6,42.5,54.9,65.5,33.000000,27.000000,27.000000,0.0,0.0
2019-01-15--21:21:24,NaN,NaN,NaN,NaN,NaN,NaN,34.0,34.2,33.2,56.4,92.0,43.6,43.8,46.9,58.9,32.8,35.4,41.1,48.0,40.5,49.3,61.6,42.5,54.9,65.5,33.000000,27.000000,27.000000,0.0,0.0
2019-01-15--21:25:00,NaN,NaN,NaN,NaN,NaN,NaN,34.0,34.2,33.2,56.4,92.0,43.6,43.8,46.9,58.9,32.8,35.4,41.1,48.0,40.5,49.3,61.6,42.5,54.9,65.5,33.000000,27.000000,27.000000,0.0,0.0
2019-01-15--21:28:36,NaN,NaN,NaN,NaN,NaN,NaN,34.0,34.2,33.2,56.4,92.0,43.6,43.8,46.9,58.9,32.8,35.4,41.1,48.0,40.5,49.3,61.6,42.5,54.9,65.5,33.000000,27.000000,27.000000,0.0,0.0
2019-01-15--21:32:12,NaN,NaN,NaN,NaN,NaN,NaN,33.9,34.2,33.2,56.4,92.0,43.6,43.8,46.9,58.9,32.8,35.4,41.1,48.0,40.5,49.3,61.7,42.5,54.9,65.5,33.000000,27.000000,27.000000,0.0,0.0
2019-01-15--21:35:48,NaN,NaN,NaN,NaN,NaN,NaN,33.9,34.2,33.2,56.4,92.0,43.6,43.8,46.9,58.9,32.8,35.4,41.1,48.0,40.5,49.3,61.7,42.5,54.9,65.5,33.000000,27.000000,27.000000,0.0,0.0
2019-01-15--21:39:24,NaN,NaN,NaN,NaN,NaN,NaN,33.9,34.2,33.2,56.4,92.0,43.6,43.8,46.9,58.9,32.8,35.4,41.1,48.0,40.5,49.3,61.7,42.5,54.9,65.5,33.000000,27.000000,27.000000,0.0,0.0
2019-01-15--21:43:00,NaN,NaN,NaN,NaN,NaN,NaN,33.9,34.2,33.2,56.4,92.0,43.6,43.8,46.9,58.9,32.8,35.4,41.1,48.0,40.5,49.3,61.7,42.5,54.9,65.5,33.000000,27.000000,27.000000,0.0,0.0
2019-01-15--21:46:36,NaN,NaN,NaN,NaN,NaN,NaN,33.9,34.2,33.2,56.4,92.0,43.5,43.8,46.9,58.9,32.7,35.4,41.1,48.0,40.5,49.3,61.7,42.5,54.9,65.5,33.000000,27.000000,27.000000,0.0,0.0
2019-01-15--21:50:12,NaN,NaN,NaN,NaN,NaN,NaN,33.9,34.2,33.2,56.4,92.0,43.5,43.8,46.9,58.9,32.7,35.4,41.1,48.0,40.5,49.3,61.7,42.5,54.9,65.5,33.000000,27.000000,27.000000,0.0,0.0
2019-01-15--21:53:48,NaN,NaN,NaN,NaN,NaN,NaN,33.9,34.2,33.2,56.4,92.0,43.5,43.8,46.9,58.9,32.7,35.4,41.1,48.0,40.5,49.3,61.7,42.5,54.9,65.5,33.000000,27.000000,27.000000,0.0,0.0
2019-01-15--21:57:24,NaN,NaN,NaN,NaN,NaN,NaN,33.9,34.2,33.2,56.4,92.0,43.5,43.8,46.9,58.9,32.7,35.4,41.1,48.0,40.5,49.3,61.7,42.5,54.9,65.5,33.000000,27.000000,27.000000,0.0,0.0
2019-01-15--22:01:00,NaN,NaN,NaN,NaN,NaN,NaN,33.9,34.2,33.2,56.4,92.0,43.5,43.8,46.9,58.9,32.7,35.4,41.1,48.0,40.5,49.3,61.7,42.5,54.9,65.5,33.000000,27.000000,27.000000,0.0,0.0
2019-01-15--22:04:36,NaN,NaN,NaN,NaN,NaN,NaN,33.9,34.2,33.2,56.4,92.0,43.5,43.8,46.9,58.9,32.7,35.4,41.1,48.0,40.5,49.3,61.7,42.5,54.9,65.5,33.000000,27.000000,27.000000,0.0,0.0
2019-01-15--22:08:12,NaN,NaN,NaN,NaN,NaN,NaN,33.9,34.2,33.2,56.4,92.0,43.5,43.8,46.9,58.9,32.7,35.4,41.1,48.0,40.5,49.3,61.7,42.5,54.9,65.5,33.000000,27.000000,27.000000,0.0,0.0
2019-01-15--22:11:48,NaN,NaN,NaN,NaN,NaN,NaN,33.9,34.2,33.2,56.4,92.0,43.5,43.8,46.9,58.9,32.7,35.4,41.1,48.0,40.5,49.3,61.7,42.5,54.9,65.5,33.000000,27.000000,27.000000,0.0,0.0
2019-01-15--22:15:24,NaN,NaN,NaN,NaN,NaN,NaN,33.9,34.2,33.2,56.4,92.0,43.6,43.8,46.9,58.9,32.7,35.4,41.1,48.0,40.5,49.3,61.7,42.5,54.9,65.5,33.000000,27.000000,27.000000,0.0,0.0
2019-01-15--22:19:00,NaN,NaN,NaN,NaN,NaN,NaN,33.9,34.2,33.2,56.4,92.0,43.6,43.8,46.9,58.9,32.7,35.4,41.1,48.0,40.5,49.3,61.7,42.4,54.9,65.4,33.000000,27.000000,27.000000,0.0,0.0
2019-01-15--22:22:36,NaN,NaN,NaN,NaN,NaN,NaN,33.9,34.2,33.2,56.4,92.0,43.6,43.8,46.9,58.9,32.7,35.4,41.1,48.0,40.5,49.3,61.7,42.4,54.9,65.4,33.000000,27.000000,27.000000,0.0,0.0
2019-01-15--22:26:12,NaN,NaN,NaN,NaN,NaN,NaN,33.9,34.2,33.2,56.4,92.0,43.6,43.8,46.9,58.9,32.7,35.4,41.1,48.0,40.5,49.3,61.7,42.4,54.9,65.4,33.000000,27.000000,27.000000,0.0,0.0
2019-01-15--22:29:48,NaN,NaN,NaN,NaN,NaN,NaN,33.9,34.2,33.2,56.4,92.0,43.6,43.8,46.9,58.9,32.7,35.4,41.1,48.0,40.5,49.3,61.7,42.4,54.9,65.4,33.000000,27.000000,27.000000,0.0,0.0
2019-01-15--22:33:24,NaN,NaN,NaN,NaN,NaN,NaN,33.8,34.2,33.2,56.4,92.0,43.5,43.8,46.9,58.9,32.7,35.4,41.1,48.0,40.6,49.4,61.7,42.4,54.9,65.4,33.000000,27.000000,27.000000,0.0,0.0
2019-01-15--22:37:00,NaN,NaN,NaN,NaN,NaN,NaN,33.8,34.2,33.2,56.4,92.0,43.5,43.8,46.9,58.9,32.7,35.4,41.1,48.0,40.6,49.4,61.7,42.4,54.9,65.4,33.000000,27.000000,27.000000,0.0,0.0
2019-01-15--22:40:36,NaN,NaN,NaN,NaN,NaN,NaN,33.8,34.2,33.2,56.4,92.0,43.5,43.8,46.9,58.9,32.7,35.4,41.1,48.0,40.6,49.4,61.7,42.4,54.9,65.4,33.000000,27.000000,27.000000,0.0,0.0
2019-01-15--22:44:12,NaN,NaN,NaN,NaN,NaN,NaN,33.8,34.2,33.2,56.4,92.0,43.5,43.8,46.9,58.9,32.7,35.4,41.1,48.0,40.6,49.4,61.7,42.4,54.9,65.4,33.000000,27.000000,27.000000,0.0,0.0
2019-01-15--22:47:48,NaN,NaN,NaN,NaN,NaN,NaN,33.8,34.1,33.2,56.4,92.0,43.5,43.8,46.9,58.9,32.7,35.4,41.1,48.0,40.6,49.5,61.7,42.4,54.9,65.4,33.000000,27.000000,27.000000,0.0,0.0
2019-01-15--22:51:24,NaN,NaN,NaN,NaN,NaN,NaN,33.8,34.1,33.2,56.4,92.0,43.5,43.8,46.9,58.9,32.7,35.4,41.1,48.0,40.6,49.5,61.7,42.4,54.9,65.4,33.000000,27.000000,27.000000,NaN,NaN
2019-01-15--22:55:00,NaN,NaN,NaN,NaN,NaN,NaN,33.8,34.1,33.2,56.4,92.0,43.5,43.8,46.9,58.9,32.7,35.4,41.1,48.0,40.6,49.5,61.7,42.4,54.9,65.4,33.000000,27.000000,27.000000,NaN,NaN
2019-01-15--22:58:36,NaN,NaN,NaN,NaN,NaN,NaN,33.8,34.1,33.2,56.4,92.0,43.5,43.8,46.9,58.9,32.7,35.4,41.1,48.0,40.6,49.5,61.7,42.4,54.9,65.4,33.000000,27.000000,27.000000,NaN,NaN
2019-01-15--23:02:12,NaN,NaN,NaN,NaN,NaN,NaN,33.8,34.1,33.2,56.4,92.0,43.6,43.8,46.9,58.9,32.7,35.4,41.1,48.0,40.6,49.4,61.7,42.4,54.9,65.4,33.000000,27.000000,27.000000,NaN,NaN
2019-01-15--23:05:48,NaN,NaN,NaN,NaN,NaN,NaN,33.8,34.1,33.2,56.4,92.0,43.6,43.8,46.9,58.9,32.7,35.4,41.1,48.0,40.6,49.4,61.7,42.4,54.9,65.4,33.000000,27.000000,27.000000,NaN,NaN
2019-01-15--23:09:24,NaN,NaN,NaN,NaN,NaN,NaN,33.8,34.1,33.2,56.4,92.0,43.6,43.8,46.9,58.9,32.7,35.4,41.1,48.0,40.6,49.4,61.7,42.4,54.9,65.4,33.000000,27.000000,27.000000,NaN,NaN
2019-01-15--23:13:00,NaN,NaN,NaN,NaN,NaN,NaN,33.8,34.1,33.2,56.4,92.0,43.6,43.8,46.9,58.9,32.7,35.4,41.1,48.0,40.6,49.4,61.7,42.4,54.9,65.4,33.000000,27.000000,27.000000,NaN,NaN
2019-01-15--23:16:36,NaN,NaN,NaN,NaN,NaN,NaN,33.7,34.1,33.1,56.4,91.9,43.5,43.8,46.9,58.9,32.7,35.4,41.1,48.0,40.6,49.4,61.7,42.4,54.9,65.4,33.000000,27.000000,27.000000,NaN,NaN
2019-01-15--23:20:12,NaN,NaN,NaN,NaN,NaN,NaN,33.7,34.1,33.1,56.4,91.9,43.5,43.8,46.9,58.9,32.7,35.4,41.1,48.0,40.6,49.4,61.7,42.4,54.9,65.4,33.000000,27.000000,27.000000,NaN,NaN
2019-01-15--23:23:48,NaN,NaN,NaN,NaN,NaN,NaN,33.7,34.1,33.1,56.4,91.9,43.5,43.8,46.9,58.9,32.7,35.4,41.1,48.0,40.6,49.4,61.7,42.4,54.9,65.4,33.000000,27.000000,27.000000,NaN,NaN
2019-01-15--23:27:24,NaN,NaN,NaN,NaN,NaN,NaN,33.7,34.1,33.1,56.4,91.9,43.5,43.8,46.9,58.9,32.7,35.4,41.1,48.0,40.6,49.4,61.7,42.4,54.9,65.4,33.000000,27.000000,27.000000,NaN,NaN
2019-01-15--23:31:00,NaN,NaN,NaN,NaN,NaN,NaN,33.7,34.1,33.1,56.4,91.9,43.5,43.8,46.9,58.9,32.7,35.4,41.1,48.0,40.6,49.4,61.7,42.4,54.9,65.3,33.000000,27.000000,27.000000,NaN,NaN
2019-01-15--23:34:36,NaN,NaN,NaN,NaN,NaN,NaN,33.7,34.1,33.1,56.4,91.9,43.5,43.8,46.9,58.9,32.7,35.4,41.1,48.0,40.6,49.4,61.7,42.4,54.9,65.3,33.000000,27.000000,27.000000,NaN,NaN
2019-01-15--23:38:12,NaN,NaN,NaN,NaN,NaN,NaN,33.7,34.1,33.1,56.4,91.9,43.5,43.8,46.9,58.9,32.7,35.4,41.1,48.0,40.6,49.4,61.7,42.4,54.9,65.3,33.000000,27.000000,27.000000,NaN,NaN
2019-01-15--23:41:48,NaN,NaN,NaN,NaN,NaN,NaN,33.7,34.1,33.1,56.4,91.9,43.5,43.8,46.9,58.9,32.7,35.4,41.1,48.0,40.6,49.4,61.7,42.4,54.9,65.3,33.000000,27.000000,27.000000,NaN,NaN
2019-01-15--23:45:24,NaN,NaN,NaN,NaN,NaN,NaN,33.8,34.1,33.1,56.4,91.9,43.5,43.8,46.9,58.9,32.7,35.4,41.1,48.0,40.6,49.5,61.7,42.4,54.9,65.3,33.000000,27.000000,27.000000,NaN,NaN
2019-01-15--23:49:00,NaN,NaN,NaN,NaN,NaN,NaN,33.8,34.1,33.1,56.4,91.9,43.5,43.8,46.9,58.9,32.7,35.4,41.1,48.0,40.6,49.5,61.7,42.4,54.9,65.3,33.000000,27.000000,27.000000,NaN,NaN
2019-01-15--23:52:36,NaN,NaN,NaN,NaN,NaN,NaN,33.8,34.1,33.1,56.4,91.9,43.5,43.8,46.9,58.9,32.7,35.4,41.1,48.0,40.6,49.5,61.7,42.4,54.9,65.3,33.000000,27.000000,27.000000,NaN,NaN
2019-01-15--23:56:12,NaN,NaN,NaN,NaN,NaN,NaN,33.8,34.1,33.1,56.4,91.9,43.5,43.8,46.9,58.9,32.7,35.4,41.1,48.0,40.6,49.5,61.7,42.4,54.9,65.3,33.000000,27.000000,27.000000,NaN,NaN
2019-01-15--23:59:48,NaN,NaN,NaN,NaN,NaN,NaN,33.8,34.1,33.1,56.4,91.9,43.5,43.8,46.9,58.9,32.7,35.4,41.1,48.0,40.6,49.5,61.7,42.4,54.9,65.3,33.000000,27.000000,27.000000,NaN,NaN
2019-01-16--00:03:24,NaN,NaN,NaN,NaN,NaN,NaN,33.7,34.1,33.1,56.4,91.8,43.5,43.8,46.9,58.9,32.7,35.4,41.1,48.0,40.6,49.4,61.7,42.4,54.9,65.3,33.000000,27.000000,27.000000,NaN,NaN
2019-01-16--00:07:00,NaN,NaN,NaN,NaN,NaN,NaN,33.7,34.1,33.1,56.4,91.8,43.5,43.8,46.9,58.9,32.7,35.4,41.1,48.0,40.6,49.4,61.7,42.4,54.9,65.3,33.000000,27.000000,27.000000,NaN,NaN
2019-01-16--00:10:36,NaN,NaN,NaN,NaN,NaN,NaN,33.7,34.1,33.1,56.4,91.8,43.5,43.8,46.9,58.9,32.7,35.4,41.1,48.0,40.6,49.4,61.7,42.4,54.9,65.3,33.000000,27.000000,27.000000,NaN,NaN
2019-01-16--00:14:12,NaN,NaN,NaN,NaN,NaN,NaN,33.7,34.1,33.1,56.4,91.8,43.5,43.8,46.9,58.9,32.7,35.4,41.1,48.0,40.6,49.4,61.7,42.4,54.9,65.3,33.000000,27.000000,27.000000,NaN,NaN
2019-01-16--00:17:48,NaN,NaN,NaN,NaN,NaN,NaN,33.7,34.1,33.1,56.4,91.8,43.5,43.8,46.9,58.9,32.6,35.4,41.1,48.0,40.6,49.4,61.7,42.4,54.9,65.3,33.000000,27.000000,27.000000,NaN,NaN
2019-01-16--00:21:24,NaN,NaN,NaN,NaN,NaN,NaN,33.7,34.1,33.1,56.4,91.8,43.5,43.8,46.9,58.9,32.6,35.4,41.1,48.0,40.6,49.4,61.7,42.4,54.9,65.3,33.000000,27.000000,27.000000,NaN,NaN
2019-01-16--00:25:00,NaN,NaN,NaN,NaN,NaN,NaN,33.7,34.1,33.1,56.4,91.8,43.5,43.8,46.9,58.9,32.6,35.4,41.1,48.0,40.6,49.4,61.7,42.4,54.9,65.3,33.000000,27.000000,27.000000,NaN,NaN
2019-01-16--00:28:36,NaN,NaN,NaN,NaN,NaN,NaN,33.7,34.1,33.1,56.4,91.8,43.5,43.8,46.9,58.9,32.6,35.4,41.1,48.0,40.6,49.4,61.7,42.4,54.9,65.3,33.000000,27.000000,27.000000,NaN,NaN
2019-01-16--00:32:12,NaN,NaN,NaN,NaN,NaN,NaN,33.7,34.1,33.1,56.3,91.8,43.5,43.8,46.9,58.9,32.6,35.4,41.1,48.0,40.6,49.4,61.7,42.4,54.8,65.3,33.000000,27.000000,27.000000,NaN,NaN
2019-01-16--00:35:48,NaN,NaN,NaN,NaN,NaN,NaN,33.7,34.1,33.1,56.3,91.8,43.5,43.8,46.9,58.9,32.6,35.4,41.1,48.0,40.6,49.4,61.7,42.4,54.8,65.3,33.000000,27.000000,27.000000,NaN,NaN
2019-01-16--00:39:24,NaN,NaN,NaN,NaN,NaN,NaN,33.7,34.1,33.1,56.3,91.8,43.5,43.8,46.9,58.9,32.6,35.4,41.1,48.0,40.6,49.4,61.7,42.4,54.8,65.3,33.000000,27.000000,27.000000,NaN,NaN
2019-01-16--00:43:00,NaN,NaN,NaN,NaN,NaN,NaN,33.7,34.1,33.1,56.3,91.8,43.5,43.8,46.9,58.9,32.6,35.4,41.1,48.0,40.6,49.4,61.7,42.4,54.8,65.3,33.000000,27.000000,27.000000,NaN,NaN
2019-01-16--00:46:36,NaN,NaN,NaN,NaN,NaN,NaN,33.7,34.1,33.1,56.3,91.8,43.5,43.8,46.9,58.9,32.6,35.5,41.1,48.0,40.6,49.4,61.7,42.4,54.8,65.2,33.000000,27.000000,27.000000,NaN,NaN
2019-01-16--00:50:12,NaN,NaN,NaN,NaN,NaN,NaN,33.7,34.1,33.1,56.3,91.8,43.5,43.8,46.9,58.9,32.6,35.5,41.1,48.0,40.6,49.4,61.7,42.4,54.8,65.2,33.000000,27.000000,27.000000,NaN,NaN
2019-01-16--00:53:48,NaN,NaN,NaN,NaN,NaN,NaN,33.7,34.1,33.1,56.3,91.8,43.5,43.8,46.9,58.9,32.6,35.5,41.1,48.0,40.6,49.4,61.7,42.4,54.8,65.2,33.000000,27.000000,27.000000,NaN,NaN
2019-01-16--00:57:24,NaN,NaN,NaN,NaN,NaN,NaN,33.7,34.1,33.1,56.3,91.8,43.5,43.8,46.9,58.9,32.6,35.5,41.1,48.0,40.6,49.4,61.7,42.4,54.8,65.2,33.000000,27.000000,27.000000,NaN,NaN
2019-01-16--01:01:00,NaN,NaN,NaN,NaN,NaN,NaN,33.7,34.1,33.1,56.3,91.8,43.5,43.8,46.9,58.9,32.6,35.5,41.1,48.0,40.6,49.4,61.7,42.4,54.8,65.2,33.000000,27.000000,27.000000,NaN,NaN
2019-01-16--01:04:36,NaN,NaN,NaN,NaN,NaN,NaN,NaN,NaN,NaN,NaN,NaN,NaN,NaN,NaN,NaN,NaN,NaN,NaN,NaN,NaN,NaN,NaN,NaN,NaN,NaN,NaN,NaN,NaN,NaN,NaN
