x,APAR_611.11,APAR_612.12,APAR_613.13,APAR_614.14,APAR_615.15,APAR_616.16,APAR_617.17,APAR_618.18,APAR_619.19,APAR_620.20,APAR_621.21,APAR_622.22,APAR_623.23,APAR_624.24,APAR_625.25,FIF_602.2,FIF_603.3,FIF_604.4,FIF_605.5,FIF_606.6
2019-01-10--00:52:48,20.8,20.5,19.2,13.8,7.8,21.6,21.0,17.6,14.5,10.8,20.7,19.9,17.8,4.8,-4.2,24.1,26.0,22.5,26.1,26.4
2019-01-10--00:56:24,20.8,20.4,19.2,13.8,7.8,21.6,21.0,17.6,14.5,10.8,20.7,19.8,17.8,4.7,-4.2,24.0,25.9,22.5,26.1,26.3
2019-01-10--01:00:00,20.8,20.4,19.2,13.8,7.8,21.6,21.0,17.6,14.5,10.8,20.7,19.8,17.8,4.7,-4.2,24.0,25.9,22.5,26.1,26.3
2019-01-10--01:03:36,20.7,20.4,19.2,13.8,7.7,21.6,21.0,17.6,14.5,10.8,20.7,19.8,17.8,4.7,-4.3,24.0,26.0,22.5,26.1,26.4
2019-01-10--01:07:12,20.7,20.4,19.2,13.8,7.7,21.6,21.0,17.6,14.5,10.8,20.7,19.8,17.8,4.7,-4.3,24.0,26.0,22.5,26.1,26.4
2019-01-10--01:10:48,20.7,20.4,19.2,13.8,7.7,21.6,21.0,17.6,14.5,10.8,20.7,19.8,17.8,4.7,-4.3,24.0,26.0,22.5,26.1,26.4
2019-01-10--01:14:24,20.7,20.4,19.2,13.8,7.7,21.6,21.0,17.6,14.5,10.8,20.7,19.8,17.8,4.7,-4.3,24.0,26.0,22.5,26.1,26.4
2019-01-10--01:18:00,20.7,20.4,19.2,13.8,7.7,21.6,21.0,17.6,14.5,10.8,20.7,19.8,17.8,4.6,-4.3,24.0,26.0,22.5,26.1,26.4
2019-01-10--01:21:36,20.7,20.4,19.2,13.8,7.7,21.6,21.0,17.6,14.5,10.8,20.7,19.8,17.8,4.6,-4.3,24.0,26.0,22.5,26.1,26.4
2019-01-10--01:25:12,20.7,20.4,19.2,13.8,7.7,21.6,21.0,17.6,14.5,10.8,20.7,19.8,17.8,4.6,-4.3,24.0,26.0,22.5,26.1,26.4
2019-01-10--01:28:48,20.7,20.4,19.2,13.8,7.7,21.6,21.0,17.6,14.5,10.8,20.7,19.8,17.8,4.6,-4.3,24.0,26.0,22.5,26.1,26.4
2019-01-10--01:32:24,20.7,20.4,19.2,13.7,7.7,21.6,21.0,17.6,14.5,10.7,20.7,19.8,17.7,4.6,-4.4,24.0,26.0,22.5,26.1,26.4
2019-01-10--01:36:00,20.7,20.4,19.2,13.7,7.7,21.6,21.0,17.6,14.5,10.7,20.7,19.8,17.7,4.6,-4.4,24.0,26.0,22.5,26.1,26.4
2019-01-10--01:39:36,20.7,20.4,19.2,13.7,7.7,21.6,21.0,17.6,14.5,10.7,20.7,19.8,17.7,4.6,-4.4,24.0,26.0,22.5,26.1,26.4
2019-01-10--01:43:12,20.7,20.4,19.2,13.7,7.7,21.6,21.0,17.6,14.5,10.7,20.7,19.8,17.7,4.6,-4.4,24.0,26.0,22.5,26.1,26.4
2019-01-10--01:46:48,20.7,20.4,19.1,13.7,7.7,21.6,21.0,17.6,14.5,10.7,20.6,19.8,17.7,4.5,-4.4,24.0,26.0,22.4,26.1,26.3
2019-01-10--01:50:24,20.7,20.4,19.1,13.7,7.7,21.6,21.0,17.6,14.5,10.7,20.6,19.8,17.7,4.5,-4.4,24.0,26.0,22.4,26.1,26.3
2019-01-10--01:54:00,20.7,20.4,19.1,13.7,7.7,21.6,21.0,17.6,14.5,10.7,20.6,19.8,17.7,4.5,-4.4,24.0,26.0,22.4,26.1,26.3
2019-01-10--01:57:36,20.7,20.4,19.1,13.7,7.7,21.6,21.0,17.6,14.5,10.7,20.6,19.8,17.7,4.5,-4.4,24.0,26.0,22.4,26.1,26.3
2019-01-10--02:01:12,20.7,20.4,19.2,13.7,7.6,21.6,21.0,17.6,14.5,10.7,20.6,19.8,17.7,4.5,-4.5,23.9,25.9,22.4,26.1,26.3
2019-01-10--02:04:48,20.7,20.4,19.2,13.7,7.6,21.6,21.0,17.6,14.5,10.7,20.6,19.8,17.7,4.5,-4.5,23.9,25.9,22.4,26.1,26.3
2019-01-10--02:08:24,20.7,20.4,19.2,13.7,7.6,21.6,21.0,17.6,14.5,10.7,20.6,19.8,17.7,4.5,-4.5,23.9,25.9,22.4,26.1,26.3
2019-01-10--02:12:00,20.7,20.4,19.2,13.7,7.6,21.6,21.0,17.6,14.5,10.7,20.6,19.8,17.7,4.5,-4.5,23.9,25.9,22.4,26.1,26.3
2019-01-10--02:15:36,20.7,20.4,19.1,13.7,7.6,21.6,21.0,17.6,14.5,10.7,20.6,19.7,17.7,4.4,-4.5,23.9,25.9,22.4,26.1,26.3
2019-01-10--02:19:12,20.7,20.4,19.1,13.7,7.6,21.6,21.0,17.6,14.5,10.7,20.6,19.7,17.7,4.4,-4.5,23.9,25.9,22.4,26.1,26.2
2019-01-10--02:22:48,20.7,20.4,19.1,13.7,7.6,21.6,21.0,17.6,14.5,10.7,20.6,19.7,17.7,4.4,-4.5,23.9,25.9,22.4,26.1,26.2
2019-01-10--02:26:24,20.7,20.4,19.1,13.7,7.6,21.6,21.0,17.6,14.5,10.7,20.6,19.7,17.7,4.4,-4.5,23.9,25.9,22.4,26.1,26.2
2019-01-10--02:30:00,20.7,20.4,19.1,13.7,7.6,21.6,21.0,17.6,14.5,10.7,20.6,19.7,17.7,4.4,-4.5,23.9,25.9,22.4,26.1,26.2
2019-01-10--02:33:36,20.7,20.4,19.1,13.7,7.6,21.5,21.0,17.6,14.4,10.7,20.6,19.7,17.6,4.4,-4.6,23.9,25.8,22.3,26.0,26.2
2019-01-10--02:37:12,20.7,20.4,19.1,13.7,7.6,21.5,21.0,17.6,14.4,10.7,20.6,19.7,17.6,4.4,-4.6,23.9,25.8,22.3,26.0,26.2
2019-01-10--02:40:48,20.7,20.4,19.1,13.7,7.6,21.5,21.0,17.6,14.4,10.7,20.6,19.7,17.6,4.4,-4.6,23.9,25.8,22.3,26.0,26.2
2019-01-10--02:44:24,20.7,20.4,19.1,13.7,7.6,21.5,21.0,17.6,14.4,10.7,20.6,19.7,17.6,4.4,-4.6,23.9,25.8,22.3,26.0,26.2
2019-01-10--02:48:00,20.7,20.4,19.1,13.7,7.6,21.5,21.0,17.6,14.4,10.6,20.5,19.7,17.6,4.4,-4.6,23.9,25.9,22.3,26.0,26.2
2019-01-10--02:51:36,20.7,20.4,19.1,13.7,7.6,21.5,21.0,17.6,14.4,10.6,20.5,19.7,17.6,4.4,-4.6,23.9,25.9,22.3,26.0,26.2
2019-01-10--02:55:12,20.7,20.4,19.1,13.7,7.6,21.5,21.0,17.6,14.4,10.6,20.5,19.7,17.6,4.4,-4.6,23.9,25.9,22.3,26.0,26.2
2019-01-10--02:58:48,20.7,20.4,19.1,13.7,7.6,21.5,21.0,17.6,14.4,10.6,20.5,19.7,17.6,4.4,-4.6,23.9,25.9,22.3,26.0,26.2
2019-01-10--03:02:24,20.7,20.4,19.1,13.7,7.6,21.5,21.0,17.5,14.4,10.6,20.5,19.7,17.6,4.3,-4.7,23.9,25.9,22.3,26.1,26.3
2019-01-10--03:06:00,20.7,20.4,19.1,13.7,7.6,21.5,21.0,17.5,14.4,10.6,20.5,19.7,17.6,4.3,-4.7,23.9,25.9,22.3,26.1,26.3
2019-01-10--03:09:36,20.7,20.4,19.1,13.7,7.6,21.5,21.0,17.5,14.4,10.6,20.5,19.7,17.6,4.3,-4.7,23.9,25.9,22.3,26.1,26.3
2019-01-10--03:13:12,20.7,20.4,19.1,13.7,7.6,21.5,21.0,17.5,14.4,10.6,20.5,19.7,17.6,4.3,-4.7,23.9,25.9,22.3,26.1,26.3
2019-01-10--03:16:48,20.7,20.3,19.1,13.6,7.5,21.5,20.9,17.5,14.4,10.6,20.5,19.7,17.6,4.3,-4.7,24.0,26.0,22.4,26.1,26.3
2019-01-10--03:20:24,20.7,20.3,19.1,13.6,7.5,21.5,20.9,17.5,14.4,10.6,20.5,19.7,17.6,4.3,-4.7,24.0,26.0,22.4,26.1,26.3
2019-01-10--03:24:00,20.7,20.3,19.1,13.6,7.5,21.5,20.9,17.5,14.4,10.6,20.5,19.7,17.6,4.3,-4.7,24.0,26.0,22.4,26.1,26.3
2019-01-10--03:27:36,20.7,20.3,19.1,13.6,7.5,21.5,20.9,17.5,14.4,10.6,20.5,19.7,17.6,4.3,-4.7,24.0,26.0,22.4,26.1,26.3
2019-01-10--03:31:12,20.7,20.3,19.1,13.6,7.5,21.5,21.0,17.5,14.4,10.6,20.5,19.7,17.5,4.2,-4.8,24.0,26.1,22.4,26.2,26.3
2019-01-10--03:34:48,20.7,20.3,19.1,13.6,7.5,21.5,21.0,17.5,14.4,10.6,20.5,19.7,17.5,4.2,-4.8,24.0,26.1,22.4,26.2,26.3
2019-01-10--03:38:24,20.7,20.3,19.1,13.6,7.5,21.5,21.0,17.5,14.4,10.6,20.5,19.7,17.5,4.2,-4.8,24.0,26.1,22.4,26.2,26.3
2019-01-10--03:42:00,20.7,20.3,19.1,13.6,7.5,21.5,21.0,17.5,14.4,10.6,20.5,19.7,17.5,4.2,-4.8,24.0,26.1,22.4,26.2,26.3
2019-01-10--03:45:36,20.7,20.3,19.1,13.6,7.5,21.5,21.0,17.5,14.4,10.6,20.5,19.6,17.5,4.2,-4.8,24.0,26.1,22.4,26.2,26.3
2019-01-10--03:49:12,20.7,20.3,19.1,13.6,7.5,21.5,21.0,17.5,14.4,10.6,20.5,19.6,17.5,4.2,-4.8,24.0,26.0,22.4,26.1,26.3
2019-01-10--03:52:48,20.7,20.3,19.1,13.6,7.5,21.5,21.0,17.5,14.4,10.6,20.5,19.6,17.5,4.2,-4.8,24.0,26.0,22.4,26.1,26.3
2019-01-10--03:56:24,20.7,20.3,19.1,13.6,7.5,21.5,21.0,17.5,14.4,10.6,20.5,19.6,17.5,4.2,-4.8,24.0,26.0,22.4,26.1,26.3
2019-01-10--04:00:00,20.7,20.3,19.1,13.6,7.5,21.5,21.0,17.5,14.4,10.6,20.5,19.6,17.5,4.2,-4.8,24.0,26.0,22.4,26.1,26.3
2019-01-10--04:03:36,20.7,20.4,19.1,13.6,7.5,21.5,21.0,17.5,14.3,10.5,20.5,19.6,17.5,4.2,-4.9,23.9,26.0,22.4,26.1,26.2
2019-01-10--04:07:12,20.7,20.4,19.1,13.6,7.5,21.5,21.0,17.5,14.3,10.5,20.5,19.6,17.5,4.2,-4.9,23.9,26.0,22.4,26.1,26.2
2019-01-10--04:10:48,20.7,20.4,19.1,13.6,7.5,21.5,21.0,17.5,14.3,10.5,20.5,19.6,17.5,4.2,-4.9,23.9,26.0,22.4,26.1,26.2
2019-01-10--04:14:24,20.7,20.4,19.1,13.6,7.5,21.5,21.0,17.5,14.3,10.5,20.5,19.6,17.5,4.2,-4.9,23.9,26.0,22.4,26.1,26.2
2019-01-10--04:18:00,20.7,20.3,19.1,13.6,7.5,21.5,20.9,17.5,14.3,10.5,20.5,19.6,17.5,4.1,-4.9,23.9,25.9,22.3,26.0,26.2
2019-01-10--04:21:36,20.7,20.3,19.1,13.6,7.5,21.5,20.9,17.5,14.3,10.5,20.5,19.6,17.5,4.1,-4.9,23.9,25.9,22.3,26.0,26.2
2019-01-10--04:25:12,20.7,20.3,19.1,13.6,7.5,21.5,20.9,17.5,14.3,10.5,20.5,19.6,17.5,4.1,-4.9,23.9,25.9,22.3,26.0,26.2
2019-01-10--04:28:48,20.7,20.3,19.1,13.6,7.5,21.5,20.9,17.5,14.3,10.5,20.5,19.6,17.5,4.1,-4.9,23.9,25.9,22.3,26.0,26.2
2019-01-10--04:32:24,20.6,20.3,19.1,13.6,7.4,21.5,20.9,17.5,14.3,10.5,20.5,19.6,17.5,4.1,-5.0,23.9,25.9,22.3,26.1,26.3
2019-01-10--04:36:00,20.6,20.3,19.1,13.6,7.4,21.5,20.9,17.5,14.3,10.5,20.5,19.6,17.5,4.1,-5.0,23.9,25.9,22.3,26.1,26.3
2019-01-10--04:39:36,20.6,20.3,19.1,13.6,7.4,21.5,20.9,17.5,14.3,10.5,20.5,19.6,17.5,4.1,-5.0,23.9,25.9,22.3,26.1,26.3
2019-01-10--04:43:12,20.6,20.3,19.1,13.6,7.4,21.5,20.9,17.5,14.3,10.5,20.5,19.6,17.5,4.1,-5.0,23.9,25.9,22.3,26.1,26.3
2019-01-10--04:46:48,20.6,20.3,19.0,13.6,7.4,21.5,20.9,17.5,14.3,10.5,20.5,19.6,17.4,4.1,-5.0,24.0,25.9,22.3,26.1,26.2
2019-01-10--04:50:24,20.6,20.3,19.0,13.6,7.4,21.5,20.9,17.5,14.3,10.5,20.5,19.6,17.4,4.1,-5.0,24.0,25.9,22.3,26.1,26.2
2019-01-10--04:54:00,20.6,20.3,19.0,13.6,7.4,21.5,20.9,17.5,14.3,10.5,20.5,19.6,17.4,4.1,-5.0,24.0,25.9,22.3,26.1,26.2
2019-01-10--04:57:36,20.6,20.3,19.0,13.6,7.4,21.5,20.9,17.5,14.3,10.5,20.5,19.6,17.4,4.1,-5.0,24.0,25.9,22.3,26.1,26.2
2019-01-10--05:01:12,20.6,20.3,19.0,13.6,7.4,21.5,20.9,17.4,14.3,10.5,20.5,19.6,17.4,4.0,-5.0,23.9,25.9,22.3,26.1,26.2
2019-01-10--05:04:48,20.6,20.3,19.0,13.6,7.4,21.5,20.9,17.4,14.3,10.5,20.5,19.6,17.4,4.0,-5.0,23.9,25.9,22.3,26.1,26.2
2019-01-10--05:08:24,20.6,20.3,19.0,13.6,7.4,21.5,20.9,17.4,14.3,10.5,20.5,19.6,17.4,4.0,-5.0,23.9,25.9,22.3,26.1,26.2
2019-01-10--05:12:00,20.6,20.3,19.0,13.6,7.4,21.5,20.9,17.4,14.3,10.5,20.5,19.6,17.4,4.0,-5.0,23.9,25.9,22.3,26.1,26.2
2019-01-10--05:15:36,20.6,20.3,19.0,13.5,7.4,21.5,20.9,17.4,14.3,10.4,20.4,19.5,17.4,4.0,-5.1,23.9,25.9,22.3,26.1,26.2
2019-01-10--05:19:12,20.6,20.3,19.0,13.5,7.4,21.5,20.9,17.4,14.3,10.4,20.4,19.5,17.4,4.0,-5.1,23.9,25.9,22.3,26.1,26.2
2019-01-10--05:22:48,20.6,20.3,19.0,13.5,7.4,21.5,20.9,17.4,14.3,10.4,20.4,19.5,17.4,4.0,-5.1,23.9,25.9,22.3,26.1,26.2
2019-01-10--05:26:24,20.6,20.3,19.0,13.5,7.4,21.5,20.9,17.4,14.3,10.4,20.4,19.5,17.4,4.0,-5.1,23.9,25.9,22.3,26.1,26.2
2019-01-10--05:30:00,20.6,20.3,19.0,13.5,7.4,21.5,20.9,17.4,14.3,10.4,20.4,19.5,17.4,4.0,-5.1,23.9,25.9,22.3,26.1,26.2
2019-01-10--05:33:36,20.6,20.3,19.0,13.5,7.4,21.5,20.9,17.4,14.2,10.4,20.4,19.5,17.4,3.9,-5.1,23.9,26.0,22.3,26.1,26.3
2019-01-10--05:37:12,20.6,20.3,19.0,13.5,7.4,21.5,20.9,17.4,14.2,10.4,20.4,19.5,17.4,3.9,-5.1,23.9,26.0,22.3,26.1,26.3
2019-01-10--05:40:48,20.6,20.3,19.0,13.5,7.4,21.5,20.9,17.4,14.2,10.4,20.4,19.5,17.4,3.9,-5.1,23.9,26.0,22.3,26.1,26.3
2019-01-10--05:44:24,20.6,20.3,19.0,13.5,7.4,21.5,20.9,17.4,14.2,10.4,20.4,19.5,17.4,3.9,-5.1,23.9,26.0,22.3,26.1,26.3
2019-01-10--05:48:00,20.6,20.3,19.0,13.5,7.3,21.5,20.9,17.4,14.2,10.4,20.4,19.5,17.3,3.9,-5.2,23.9,26.0,22.3,26.1,26.2
2019-01-10--05:51:36,20.6,20.3,19.0,13.5,7.3,21.5,20.9,17.4,14.2,10.4,20.4,19.5,17.3,3.9,-5.2,23.9,26.0,22.3,26.1,26.2
2019-01-10--05:55:12,20.6,20.3,19.0,13.5,7.3,21.5,20.9,17.4,14.2,10.4,20.4,19.5,17.3,3.9,-5.2,23.9,26.0,22.3,26.1,26.2
2019-01-10--05:58:48,20.6,20.3,19.0,13.5,7.3,21.5,20.9,17.4,14.2,10.4,20.4,19.5,17.3,3.9,-5.2,23.9,26.0,22.3,26.1,26.2
2019-01-10--06:02:24,20.6,20.3,19.0,13.5,7.3,21.5,20.9,17.4,14.2,10.4,20.4,19.5,17.3,3.9,-5.2,23.9,26.0,22.3,26.1,26.2
2019-01-10--06:06:00,20.6,20.3,19.0,13.5,7.3,21.5,20.9,17.4,14.2,10.4,20.4,19.5,17.3,3.9,-5.2,23.9,26.0,22.3,26.1,26.2
2019-01-10--06:09:36,20.6,20.3,19.0,13.5,7.3,21.5,20.9,17.4,14.2,10.4,20.4,19.5,17.3,3.9,-5.2,23.9,26.0,22.3,26.1,26.2
2019-01-10--06:13:12,20.6,20.3,19.0,13.5,7.3,21.5,20.9,17.4,14.2,10.4,20.4,19.5,17.3,3.9,-5.2,23.9,26.0,22.3,26.1,26.2
2019-01-10--06:16:48,20.6,20.3,19.0,13.5,7.3,21.5,20.9,17.4,14.2,10.3,20.4,19.5,17.3,3.8,-5.3,23.9,26.0,22.3,26.1,26.2
2019-01-10--06:20:24,20.6,20.3,19.0,13.5,7.3,21.5,20.9,17.4,14.2,10.3,20.4,19.5,17.3,3.8,-5.3,23.9,26.0,22.3,26.1,26.2
2019-01-10--06:24:00,20.6,20.3,19.0,13.5,7.3,21.5,20.9,17.4,14.2,10.3,20.4,19.5,17.3,3.8,-5.3,23.9,26.0,22.3,26.1,26.2
2019-01-10--06:27:36,20.6,20.3,19.0,13.5,7.3,21.5,20.9,17.4,14.2,10.3,20.4,19.5,17.3,3.8,-5.3,23.9,26.0,22.3,26.1,26.2
2019-01-10--06:31:12,20.6,20.3,19.0,13.4,7.2,21.5,20.9,17.3,14.2,10.3,20.4,19.4,17.3,3.8,-5.4,23.8,25.8,22.1,26.0,26.1
2019-01-10--06:34:48,20.6,20.3,19.0,13.4,7.2,21.5,20.9,17.3,14.2,10.3,20.4,19.4,17.3,3.8,-5.4,23.8,25.8,22.1,26.0,26.1
2019-01-10--06:38:24,20.6,20.3,19.0,13.4,7.2,21.5,20.9,17.3,14.2,10.3,20.4,19.4,17.3,3.8,-5.4,23.8,25.8,22.1,26.0,26.1
2019-01-10--06:42:00,20.6,20.3,19.0,13.4,7.2,21.5,20.9,17.3,14.2,10.3,20.4,19.4,17.3,3.8,-5.4,23.8,25.8,22.1,26.0,26.1
2019-01-10--06:45:36,20.6,20.2,18.9,13.4,7.2,21.4,20.9,17.3,14.1,10.3,20.3,19.4,17.2,3.7,-5.4,23.8,25.8,22.2,26.0,26.1
2019-01-10--06:49:12,20.6,20.2,18.9,13.4,7.2,21.4,20.9,17.3,14.1,10.3,20.3,19.4,17.2,3.7,-5.4,23.8,25.8,22.2,26.0,26.1
2019-01-10--06:52:48,20.6,20.2,18.9,13.4,7.2,21.4,20.9,17.3,14.1,10.3,20.3,19.4,17.2,3.7,-5.4,23.8,25.8,22.2,26.0,26.1
2019-01-10--06:56:24,20.6,20.2,18.9,13.4,7.2,21.4,20.9,17.3,14.1,10.3,20.3,19.4,17.2,3.7,-5.4,23.8,25.8,22.2,26.0,26.1
2019-01-10--07:00:00,20.6,20.2,18.9,13.4,7.2,21.4,20.9,17.3,14.1,10.3,20.3,19.4,17.2,3.7,-5.4,23.8,25.8,22.2,26.0,26.1
2019-01-10--07:03:36,20.6,20.3,18.9,13.4,7.2,21.5,20.9,17.3,14.1,10.3,20.3,19.4,17.2,3.7,-5.4,23.9,25.8,22.2,26.1,26.2
2019-01-10--07:07:12,20.6,20.3,18.9,13.4,7.2,21.5,20.9,17.3,14.1,10.3,20.3,19.4,17.2,3.7,-5.4,23.9,25.8,22.2,26.1,26.2
2019-01-10--07:10:48,20.6,20.3,18.9,13.4,7.2,21.5,20.9,17.3,14.1,10.3,20.3,19.4,17.2,3.7,-5.4,23.9,25.8,22.2,26.1,26.2
2019-01-10--07:14:24,20.6,20.3,18.9,13.4,7.2,21.5,20.9,17.3,14.1,10.3,20.3,19.4,17.2,3.7,-5.4,23.9,25.8,22.2,26.1,26.2
2019-01-10--07:18:00,20.6,20.2,18.9,13.4,7.2,21.4,20.9,17.3,14.1,10.3,20.3,19.4,17.2,3.7,-5.5,23.9,25.9,22.2,26.1,26.1
2019-01-10--07:21:36,20.6,20.2,18.9,13.4,7.2,21.4,20.9,17.3,14.1,10.3,20.3,19.4,17.2,3.7,-5.5,23.9,25.9,22.2,26.1,26.1
2019-01-10--07:25:12,20.6,20.2,18.9,13.4,7.2,21.4,20.9,17.3,14.1,10.3,20.3,19.4,17.2,3.7,-5.5,23.9,25.9,22.2,26.1,26.1
2019-01-10--07:28:48,20.6,20.2,18.9,13.4,7.2,21.4,20.9,17.3,14.1,10.3,20.3,19.4,17.2,3.7,-5.5,23.9,25.9,22.2,26.1,26.1
2019-01-10--07:32:24,20.6,20.2,18.9,13.4,7.2,21.4,20.9,17.3,14.1,10.2,20.3,19.4,17.2,3.6,-5.5,23.8,25.8,22.2,26.1,26.1
2019-01-10--07:36:00,20.6,20.2,18.9,13.4,7.2,21.4,20.9,17.3,14.1,10.2,20.3,19.4,17.2,3.6,-5.5,23.8,25.8,22.2,26.1,26.1
2019-01-10--07:39:36,20.6,20.2,18.9,13.4,7.2,21.4,20.9,17.3,14.1,10.2,20.3,19.4,17.2,3.6,-5.5,23.8,25.8,22.2,26.1,26.1
2019-01-10--07:43:12,20.6,20.2,18.9,13.4,7.2,21.4,20.9,17.3,14.1,10.2,20.3,19.4,17.2,3.6,-5.5,23.8,25.8,22.2,26.1,26.1
2019-01-10--07:46:48,20.6,20.2,18.9,13.4,7.2,21.4,20.9,17.3,14.1,10.2,20.3,19.4,17.2,3.6,-5.5,23.9,25.9,22.3,26.1,26.1
2019-01-10--07:50:24,20.6,20.2,18.9,13.4,7.2,21.4,20.9,17.3,14.1,10.2,20.3,19.4,17.2,3.6,-5.5,23.9,25.9,22.3,26.1,26.1
2019-01-10--07:54:00,20.6,20.2,18.9,13.4,7.2,21.4,20.9,17.3,14.1,10.2,20.3,19.4,17.2,3.6,-5.5,23.9,25.9,22.3,26.1,26.1
2019-01-10--07:57:36,20.6,20.2,18.9,13.4,7.2,21.4,20.9,17.3,14.1,10.2,20.3,19.4,17.2,3.6,-5.5,23.9,25.9,22.3,26.1,26.1
2019-01-10--08:01:12,20.6,20.2,18.9,13.4,7.1,21.4,20.9,17.3,14.1,10.2,20.3,19.4,17.2,3.6,-5.6,23.9,25.9,22.3,26.1,26.2
2019-01-10--08:04:48,20.6,20.2,18.9,13.4,7.1,21.4,20.9,17.3,14.1,10.2,20.3,19.4,17.2,3.6,-5.6,23.9,25.9,22.3,26.1,26.2
2019-01-10--08:08:24,20.6,20.2,18.9,13.4,7.1,21.4,20.9,17.3,14.1,10.2,20.3,19.4,17.2,3.6,-5.6,23.9,25.9,22.3,26.1,26.2
2019-01-10--08:12:00,20.6,20.2,18.9,13.4,7.1,21.4,20.9,17.3,14.1,10.2,20.3,19.4,17.2,3.6,-5.6,23.9,25.9,22.3,26.1,26.2
2019-01-10--08:15:36,20.6,20.2,18.9,13.4,7.1,21.4,20.9,17.3,14.1,10.2,20.3,19.4,17.2,3.6,-5.6,23.9,25.9,22.3,26.1,26.2
2019-01-10--08:19:12,20.6,20.2,18.9,13.4,7.1,21.4,20.9,17.3,14.1,10.2,20.3,19.4,17.2,3.5,-5.6,23.9,26.1,22.4,26.2,26.2
2019-01-10--08:22:48,20.6,20.2,18.9,13.4,7.1,21.4,20.9,17.3,14.1,10.2,20.3,19.4,17.2,3.5,-5.6,23.9,26.1,22.4,26.2,26.2
2019-01-10--08:26:24,20.6,20.2,18.9,13.4,7.1,21.4,20.9,17.3,14.1,10.2,20.3,19.4,17.2,3.5,-5.6,23.9,26.1,22.4,26.2,26.2
2019-01-10--08:30:00,20.6,20.2,18.9,13.4,7.1,21.4,20.9,17.3,14.1,10.2,20.3,19.4,17.2,3.5,-5.6,23.9,26.1,22.4,26.2,26.2
2019-01-10--08:33:36,20.6,20.2,18.9,13.3,7.1,21.5,20.9,17.3,14.0,10.1,20.3,19.4,17.2,3.5,-5.6,23.9,26.0,22.4,26.2,26.2
2019-01-10--08:37:12,20.6,20.2,18.9,13.3,7.1,21.5,20.9,17.3,14.0,10.1,20.3,19.4,17.2,3.5,-5.6,23.9,26.0,22.4,26.2,26.2
2019-01-10--08:40:48,20.6,20.2,18.9,13.3,7.1,21.5,20.9,17.3,14.0,10.1,20.3,19.4,17.2,3.5,-5.6,23.9,26.0,22.4,26.2,26.2
2019-01-10--08:44:24,20.6,20.2,18.9,13.3,7.1,21.5,20.9,17.3,14.0,10.1,20.3,19.4,17.2,3.5,-5.6,23.9,26.0,22.4,26.2,26.2
2019-01-10--08:48:00,20.6,20.2,18.9,13.3,7.1,21.5,20.9,17.3,14.0,10.1,20.3,19.4,17.2,3.5,-5.6,23.9,26.0,22.3,26.1,26.1
2019-01-10--08:51:36,20.6,20.2,18.9,13.3,7.1,21.5,20.9,17.3,14.0,10.1,20.3,19.4,17.2,3.5,-5.6,23.9,26.0,22.3,26.1,26.1
2019-01-10--08:55:12,20.6,20.2,18.9,13.3,7.1,21.5,20.9,17.3,14.0,10.1,20.3,19.4,17.2,3.5,-5.6,23.9,26.0,22.3,26.1,26.1
2019-01-10--08:58:48,20.6,20.2,18.9,13.3,7.1,21.5,20.9,17.3,14.0,10.1,20.3,19.4,17.2,3.5,-5.6,23.9,26.0,22.3,26.1,26.1
2019-01-10--09:02:24,20.6,20.2,18.9,13.3,7.0,21.5,20.9,17.2,14.0,10.1,20.3,19.4,17.1,3.4,-5.7,23.9,26.0,22.4,26.2,26.1
2019-01-10--09:06:00,20.6,20.2,18.9,13.3,7.0,21.5,20.9,17.2,14.0,10.1,20.3,19.4,17.1,3.4,-5.7,23.9,26.0,22.4,26.2,26.1
2019-01-10--09:09:36,20.6,20.2,18.9,13.3,7.0,21.5,20.9,17.2,14.0,10.1,20.3,19.4,17.1,3.4,-5.7,23.9,26.0,22.4,26.2,26.1
2019-01-10--09:13:12,20.6,20.2,18.9,13.3,7.0,21.5,20.9,17.2,14.0,10.1,20.3,19.4,17.1,3.4,-5.7,23.9,26.0,22.4,26.2,26.1
2019-01-10--09:16:48,20.6,20.2,18.9,13.3,7.0,21.5,20.9,17.2,14.0,10.1,20.3,19.4,17.1,3.4,-5.7,23.9,26.1,22.4,26.2,26.2
2019-01-10--09:20:24,20.6,20.2,18.9,13.3,7.0,21.5,20.9,17.2,14.0,10.1,20.3,19.4,17.1,3.4,-5.7,23.9,26.1,22.4,26.2,26.2
2019-01-10--09:24:00,20.6,20.2,18.9,13.3,7.0,21.5,20.9,17.2,14.0,10.1,20.3,19.4,17.1,3.4,-5.7,23.9,26.1,22.4,26.2,26.2
2019-01-10--09:27:36,20.6,20.2,18.9,13.3,7.0,21.5,20.9,17.2,14.0,10.1,20.3,19.4,17.1,3.4,-5.7,23.9,26.1,22.4,26.2,26.2
2019-01-10--09:31:12,20.6,20.2,18.9,13.3,7.0,21.5,20.9,17.2,14.0,10.1,20.3,19.4,17.1,3.4,-5.7,24.0,26.1,22.4,26.3,26.2
2019-01-10--09:34:48,20.6,20.2,18.9,13.3,7.0,21.5,20.9,17.2,14.0,10.1,20.3,19.4,17.1,3.4,-5.7,24.0,26.1,22.4,26.3,26.2
2019-01-10--09:38:24,20.6,20.2,18.9,13.3,7.0,21.5,20.9,17.2,14.0,10.1,20.3,19.4,17.1,3.4,-5.7,24.0,26.1,22.4,26.3,26.2
2019-01-10--09:42:00,20.6,20.2,18.9,13.3,7.0,21.5,20.9,17.2,14.0,10.1,20.3,19.4,17.1,3.4,-5.7,24.0,26.1,22.4,26.3,26.2
2019-01-10--09:45:36,20.6,20.2,18.9,13.3,7.0,21.5,20.9,17.2,14.0,10.1,20.3,19.4,17.1,3.4,-5.7,24.0,26.2,22.5,26.3,26.1
2019-01-10--09:49:12,20.6,20.2,18.9,13.3,7.0,21.5,20.9,17.2,14.0,10.1,20.3,19.4,17.1,3.4,-5.7,24.0,26.2,22.5,26.3,26.1
2019-01-10--09:52:48,20.6,20.2,18.9,13.3,7.0,21.5,20.9,17.2,14.0,10.1,20.3,19.4,17.1,3.4,-5.7,24.0,26.2,22.5,26.3,26.1
2019-01-10--09:56:24,20.6,20.2,18.9,13.3,7.0,21.5,20.9,17.2,14.0,10.1,20.3,19.4,17.1,3.4,-5.7,24.0,26.2,22.5,26.3,26.1
2019-01-10--10:00:00,20.6,20.2,18.9,13.3,7.0,21.5,20.9,17.2,14.0,10.1,20.3,19.4,17.1,3.4,-5.7,24.0,26.2,22.5,26.3,26.1
2019-01-10--10:03:36,20.6,20.2,18.9,13.2,7.0,21.5,20.9,17.2,13.9,10.0,20.3,19.4,17.1,3.4,-5.7,24.0,26.1,22.4,26.3,26.1
2019-01-10--10:07:12,20.6,20.2,18.9,13.2,7.0,21.5,20.9,17.2,13.9,10.0,20.3,19.4,17.1,3.4,-5.7,24.0,26.1,22.4,26.3,26.1
2019-01-10--10:10:48,20.6,20.2,18.9,13.2,7.0,21.5,20.9,17.2,13.9,10.0,20.3,19.4,17.1,3.4,-5.7,24.0,26.1,22.4,26.3,26.1
2019-01-10--10:14:24,20.6,20.2,18.9,13.2,7.0,21.5,20.9,17.2,13.9,10.0,20.3,19.4,17.1,3.4,-5.7,24.0,26.1,22.4,26.3,26.1
2019-01-10--10:18:00,20.6,20.2,18.9,13.2,6.9,21.5,20.9,17.2,13.9,10.0,20.3,19.4,17.1,3.3,-5.7,24.0,26.3,22.4,26.3,26.0
2019-01-10--10:21:36,20.6,20.2,18.9,13.2,6.9,21.5,20.9,17.2,13.9,10.0,20.3,19.4,17.1,3.3,-5.7,24.0,26.3,22.4,26.3,26.0
2019-01-10--10:25:12,20.6,20.2,18.9,13.2,6.9,21.5,20.9,17.2,13.9,10.0,20.3,19.4,17.1,3.3,-5.7,24.0,26.3,22.4,26.3,26.0
2019-01-10--10:28:48,20.6,20.2,18.9,13.2,6.9,21.5,20.9,17.2,13.9,10.0,20.3,19.4,17.1,3.3,-5.7,24.0,26.3,22.4,26.3,26.0
2019-01-10--10:32:24,20.6,20.3,18.9,13.2,6.9,21.5,20.9,17.2,13.9,10.0,20.3,19.4,17.1,3.3,-5.7,24.0,26.4,22.4,26.3,26.0
2019-01-10--10:36:00,20.6,20.3,18.9,13.2,6.9,21.5,20.9,17.2,13.9,10.0,20.3,19.4,17.1,3.3,-5.7,24.0,26.4,22.4,26.3,26.0
2019-01-10--10:39:36,20.6,20.3,18.9,13.2,6.9,21.5,20.9,17.2,13.9,10.0,20.3,19.4,17.1,3.3,-5.7,24.0,26.4,22.4,26.3,26.0
2019-01-10--10:43:12,20.6,20.3,18.9,13.2,6.9,21.5,20.9,17.2,13.9,10.0,20.3,19.4,17.1,3.3,-5.7,24.0,26.4,22.4,26.3,26.0
2019-01-10--10:46:48,20.7,20.3,18.9,13.2,6.9,21.6,20.9,17.2,13.9,10.0,20.3,19.4,17.1,3.3,-5.7,24.0,26.5,22.4,26.3,26.0
2019-01-10--10:50:24,20.7,20.3,18.9,13.2,6.9,21.6,20.9,17.2,13.9,10.0,20.3,19.4,17.1,3.3,-5.7,24.0,26.5,22.4,26.3,26.0
2019-01-10--10:54:00,20.7,20.3,18.9,13.2,6.9,21.6,20.9,17.2,13.9,10.0,20.3,19.4,17.1,3.3,-5.7,24.0,26.5,22.4,26.3,26.0
2019-01-10--10:57:36,20.7,20.3,18.9,13.2,6.9,21.6,20.9,17.2,13.9,10.0,20.3,19.4,17.1,3.3,-5.7,24.0,26.5,22.4,26.3,26.0
2019-01-10--11:01:12,20.7,20.3,18.9,13.2,6.9,21.6,20.9,17.2,13.9,10.0,20.3,19.4,17.1,3.3,-5.7,24.1,26.9,22.4,26.4,26.0
2019-01-10--11:04:48,20.7,20.3,18.9,13.2,6.9,21.6,20.9,17.2,13.9,10.0,20.3,19.4,17.1,3.3,-5.7,24.1,26.9,22.4,26.4,26.0
2019-01-10--11:08:24,20.7,20.3,18.9,13.2,6.9,21.6,20.9,17.2,13.9,10.0,20.3,19.4,17.1,3.3,-5.7,24.1,26.9,22.4,26.4,26.0
2019-01-10--11:12:00,20.7,20.3,18.9,13.2,6.9,21.6,20.9,17.2,13.9,10.0,20.3,19.4,17.1,3.3,-5.7,24.1,26.9,22.4,26.4,26.0
2019-01-10--11:15:36,20.8,20.4,18.9,13.2,6.9,21.6,21.0,17.2,13.9,10.0,20.3,19.4,17.0,3.3,-5.7,24.3,27.2,22.4,26.5,26.1
2019-01-10--11:19:12,20.8,20.4,18.9,13.2,6.9,21.6,21.0,17.2,13.9,10.0,20.3,19.4,17.0,3.3,-5.7,24.3,27.2,22.4,26.5,26.1
2019-01-10--11:22:48,20.8,20.4,18.9,13.2,6.9,21.6,21.0,17.2,13.9,10.0,20.3,19.4,17.0,3.3,-5.7,24.3,27.2,22.4,26.5,26.1
2019-01-10--11:26:24,20.8,20.4,18.9,13.2,6.9,21.6,21.0,17.2,13.9,10.0,20.3,19.4,17.0,3.3,-5.7,24.3,27.2,22.4,26.5,26.1
2019-01-10--11:30:00,20.8,20.4,18.9,13.2,6.9,21.6,21.0,17.2,13.9,10.0,20.3,19.4,17.0,3.3,-5.7,24.3,27.2,22.4,26.5,26.1
2019-01-10--11:33:36,20.9,20.5,18.9,13.2,6.9,21.7,21.0,17.2,13.9,9.9,20.3,19.4,17.0,3.2,-5.7,24.5,27.3,22.5,26.6,26.1
2019-01-10--11:37:12,20.9,20.5,18.9,13.2,6.9,21.7,21.0,17.2,13.9,9.9,20.3,19.4,17.0,3.2,-5.7,24.5,27.3,22.5,26.6,26.1
2019-01-10--11:40:48,20.9,20.5,18.9,13.2,6.9,21.7,21.0,17.2,13.9,9.9,20.3,19.4,17.0,3.2,-5.7,24.5,27.3,22.5,26.6,26.1
2019-01-10--11:44:24,20.9,20.5,18.9,13.2,6.9,21.7,21.0,17.2,13.9,9.9,20.3,19.4,17.0,3.2,-5.7,24.5,27.3,22.5,26.6,26.1
2019-01-10--11:48:00,21.0,20.5,19.0,13.2,6.8,21.8,21.0,17.1,13.8,9.9,20.4,19.4,17.0,3.2,-5.7,24.6,27.3,22.6,26.8,26.3
2019-01-10--11:51:36,21.0,20.5,19.0,13.2,6.8,21.8,21.0,17.1,13.8,9.9,20.4,19.4,17.0,3.2,-5.7,24.6,27.3,22.6,26.8,26.3
2019-01-10--11:55:12,21.0,20.5,19.0,13.2,6.8,21.8,21.0,17.1,13.8,9.9,20.4,19.4,17.0,3.2,-5.7,24.6,27.3,22.6,26.8,26.3
2019-01-10--11:58:48,21.0,20.5,19.0,13.2,6.8,21.8,21.0,17.1,13.8,9.9,20.4,19.4,17.0,3.2,-5.7,24.6,27.3,22.6,26.8,26.3
2019-01-10--12:02:24,21.1,20.6,19.1,13.1,6.8,21.8,21.1,17.2,13.8,9.9,20.4,19.5,17.0,3.2,-5.7,24.7,27.3,22.7,26.8,26.3
2019-01-10--12:06:00,21.1,20.6,19.1,13.1,6.8,21.8,21.1,17.2,13.8,9.9,20.4,19.5,17.0,3.2,-5.7,24.7,27.3,22.7,26.8,26.3
2019-01-10--12:09:36,21.1,20.6,19.1,13.1,6.8,21.8,21.1,17.2,13.8,9.9,20.4,19.5,17.0,3.2,-5.7,24.7,27.3,22.7,26.8,26.3
2019-01-10--12:13:12,21.1,20.6,19.1,13.1,6.8,21.8,21.1,17.2,13.8,9.9,20.4,19.5,17.0,3.2,-5.7,24.7,27.3,22.7,26.8,26.3
2019-01-10--12:16:48,21.2,20.7,19.1,13.1,6.8,21.9,21.1,17.1,13.8,9.9,20.5,19.5,17.1,3.2,-5.7,24.7,27.2,22.7,27.0,26.3
2019-01-10--12:20:24,21.2,20.7,19.1,13.1,6.8,21.9,21.1,17.1,13.8,9.9,20.5,19.5,17.1,3.2,-5.7,24.7,27.2,22.7,27.0,26.3
2019-01-10--12:24:00,21.2,20.7,19.1,13.1,6.8,21.9,21.1,17.1,13.8,9.9,20.5,19.5,17.1,3.2,-5.7,24.7,27.2,22.7,27.0,26.3
2019-01-10--12:27:36,21.2,20.7,19.1,13.1,6.8,21.9,21.1,17.1,13.8,9.9,20.5,19.5,17.1,3.2,-5.7,24.7,27.2,22.7,27.0,26.3
2019-01-10--12:31:12,21.2,20.7,19.2,13.1,6.8,21.9,21.2,17.2,13.8,9.9,20.5,19.6,17.1,3.2,-5.8,24.6,27.0,22.6,27.0,26.2
2019-01-10--12:34:48,21.2,20.7,19.2,13.1,6.8,21.9,21.2,17.2,13.8,9.9,20.5,19.6,17.1,3.2,-5.8,24.6,27.0,22.6,27.0,26.2
2019-01-10--12:38:24,21.2,20.7,19.2,13.1,6.8,21.9,21.2,17.2,13.8,9.9,20.5,19.6,17.1,3.2,-5.8,24.6,27.0,22.6,27.0,26.2
2019-01-10--12:42:00,21.2,20.7,19.2,13.1,6.8,21.9,21.2,17.2,13.8,9.9,20.5,19.6,17.1,3.2,-5.8,24.6,27.0,22.6,27.0,26.2
2019-01-10--12:45:36,21.2,20.8,19.2,13.1,6.8,21.9,21.2,17.2,13.8,9.9,20.5,19.6,17.1,3.2,-5.8,24.6,26.9,22.6,27.1,26.3
2019-01-10--12:49:12,21.2,20.8,19.2,13.1,6.8,21.9,21.2,17.2,13.8,9.9,20.5,19.6,17.1,3.2,-5.8,24.6,26.9,22.6,27.1,26.3
2019-01-10--12:52:48,21.2,20.8,19.2,13.1,6.8,21.9,21.2,17.2,13.8,9.9,20.5,19.6,17.1,3.2,-5.8,24.6,26.9,22.6,27.1,26.3
2019-01-10--12:56:24,21.2,20.8,19.2,13.1,6.8,21.9,21.2,17.2,13.8,9.9,20.5,19.6,17.1,3.2,-5.8,24.6,26.9,22.6,27.1,26.3
2019-01-10--13:00:00,21.2,20.8,19.2,13.1,6.8,21.9,21.2,17.2,13.8,9.9,20.5,19.6,17.1,3.2,-5.8,24.6,26.9,22.6,27.1,26.3
2019-01-10--13:03:36,21.3,20.8,19.2,13.1,6.8,21.9,21.2,17.2,13.8,9.9,20.6,19.7,17.2,3.2,-5.8,24.6,26.8,22.7,27.1,26.3
2019-01-10--13:07:12,21.3,20.8,19.2,13.1,6.8,21.9,21.2,17.2,13.8,9.9,20.6,19.7,17.2,3.2,-5.8,24.6,26.8,22.7,27.1,26.3
2019-01-10--13:10:48,21.3,20.8,19.2,13.1,6.8,21.9,21.2,17.2,13.8,9.9,20.6,19.7,17.2,3.2,-5.8,24.6,26.8,22.7,27.1,26.3
2019-01-10--13:14:24,21.3,20.8,19.2,13.1,6.8,21.9,21.2,17.2,13.8,9.9,20.6,19.7,17.2,3.2,-5.8,24.6,26.8,22.7,27.1,26.3
2019-01-10--13:18:00,21.3,20.8,19.2,13.2,6.8,21.9,21.2,17.2,13.8,9.9,20.7,19.7,17.2,3.2,-5.8,24.6,26.8,22.7,27.1,26.3
2019-01-10--13:21:36,21.3,20.8,19.2,13.2,6.8,21.9,21.2,17.2,13.8,9.9,20.7,19.7,17.2,3.2,-5.8,24.6,26.8,22.7,27.1,26.3
2019-01-10--13:25:12,21.3,20.8,19.2,13.2,6.8,21.9,21.2,17.2,13.8,9.9,20.7,19.7,17.2,3.2,-5.8,24.6,26.8,22.7,27.1,26.3
2019-01-10--13:28:48,21.3,20.8,19.2,13.2,6.8,21.9,21.2,17.2,13.8,9.9,20.7,19.7,17.2,3.2,-5.8,24.6,26.8,22.7,27.1,26.3
2019-01-10--13:32:24,21.2,20.8,19.3,13.2,6.8,21.9,21.2,17.2,13.8,9.9,20.7,19.8,17.2,3.2,-5.8,24.5,26.6,22.6,27.0,26.3
2019-01-10--13:36:00,21.2,20.8,19.3,13.2,6.8,21.9,21.2,17.2,13.8,9.9,20.7,19.8,17.2,3.2,-5.8,24.5,26.6,22.6,27.0,26.3
2019-01-10--13:39:36,21.2,20.8,19.3,13.2,6.8,21.9,21.2,17.2,13.8,9.9,20.7,19.8,17.2,3.2,-5.8,24.5,26.6,22.6,27.0,26.3
2019-01-10--13:43:12,21.2,20.8,19.3,13.2,6.8,21.9,21.2,17.2,13.8,9.9,20.7,19.8,17.2,3.2,-5.8,24.5,26.6,22.6,27.0,26.3
2019-01-10--13:46:48,21.2,20.8,19.3,13.2,6.9,21.9,21.2,17.2,13.8,9.9,20.7,19.7,17.2,3.2,-5.9,24.4,26.5,22.6,26.8,26.3
2019-01-10--13:50:24,21.2,20.8,19.3,13.2,6.9,21.9,21.2,17.2,13.8,9.9,20.7,19.7,17.2,3.2,-5.9,24.4,26.5,22.6,26.8,26.3
2019-01-10--13:54:00,21.2,20.8,19.3,13.2,6.9,21.9,21.2,17.2,13.8,9.9,20.7,19.7,17.2,3.2,-5.9,24.4,26.5,22.6,26.8,26.3
2019-01-10--13:57:36,21.2,20.8,19.3,13.2,6.9,21.9,21.2,17.2,13.8,9.9,20.7,19.7,17.2,3.2,-5.9,24.4,26.5,22.6,26.8,26.3
2019-01-10--14:01:12,21.2,20.8,19.3,13.2,6.9,21.9,21.2,17.2,13.8,9.9,20.7,19.7,17.2,3.1,-5.9,24.4,26.5,22.6,26.8,26.3
2019-01-10--14:04:48,21.2,20.8,19.3,13.2,6.9,21.9,21.2,17.2,13.8,9.9,20.7,19.7,17.2,3.1,-5.9,24.4,26.5,22.6,26.8,26.3
2019-01-10--14:08:24,21.2,20.8,19.3,13.2,6.9,21.9,21.2,17.2,13.8,9.9,20.7,19.7,17.2,3.1,-5.9,24.4,26.5,22.6,26.8,26.3
2019-01-10--14:12:00,21.2,20.8,19.3,13.2,6.9,21.9,21.2,17.2,13.8,9.9,20.7,19.7,17.2,3.1,-5.9,24.4,26.5,22.6,26.8,26.3
2019-01-10--14:15:36,21.2,20.8,19.3,13.2,6.9,21.9,21.2,17.2,13.8,9.9,20.7,19.7,17.2,3.1,-5.9,24.4,26.6,22.6,26.8,26.3
2019-01-10--14:19:12,21.2,20.8,19.3,13.2,6.9,21.9,21.2,17.2,13.8,9.9,20.7,19.7,17.2,3.1,-5.9,24.4,26.6,22.6,26.8,26.3
2019-01-10--14:22:48,21.2,20.8,19.3,13.2,6.9,21.9,21.2,17.2,13.8,9.9,20.7,19.7,17.2,3.1,-5.9,24.4,26.6,22.6,26.8,26.3
2019-01-10--14:26:24,21.2,20.8,19.3,13.2,6.9,21.9,21.2,17.2,13.8,9.9,20.7,19.7,17.2,3.1,-5.9,24.4,26.6,22.6,26.8,26.3
2019-01-10--14:30:00,21.2,20.8,19.3,13.2,6.9,21.9,21.2,17.2,13.8,9.9,20.7,19.7,17.2,3.1,-5.9,24.4,26.6,22.6,26.8,26.3
2019-01-10--14:33:36,21.2,20.8,19.3,13.2,6.9,21.9,21.2,17.2,13.8,9.9,20.7,19.7,17.2,3.1,-5.9,24.4,26.6,22.5,26.7,26.3
2019-01-10--14:37:12,21.2,20.8,19.3,13.2,6.9,21.9,21.2,17.2,13.8,9.9,20.7,19.7,17.2,3.1,-5.9,24.4,26.6,22.5,26.7,26.3
2019-01-10--14:40:48,21.2,20.8,19.3,13.2,6.9,21.9,21.2,17.2,13.8,9.9,20.7,19.7,17.2,3.1,-5.9,24.4,26.6,22.5,26.7,26.3
2019-01-10--14:44:24,21.2,20.8,19.3,13.2,6.9,21.9,21.2,17.2,13.8,9.9,20.7,19.7,17.2,3.1,-5.9,24.4,26.6,22.5,26.7,26.3
2019-01-10--14:48:00,21.1,20.8,19.3,13.2,6.9,21.9,21.2,17.2,13.8,9.9,20.6,19.6,17.2,3.1,-5.9,24.4,26.4,22.5,26.7,26.3
2019-01-10--14:51:36,21.1,20.8,19.3,13.2,6.9,21.9,21.2,17.2,13.8,9.9,20.6,19.6,17.2,3.1,-5.9,24.4,26.4,22.5,26.7,26.3
2019-01-10--14:55:12,21.1,20.8,19.3,13.2,6.9,21.9,21.2,17.2,13.8,9.9,20.6,19.6,17.2,3.1,-5.9,24.4,26.4,22.5,26.7,26.3
2019-01-10--14:58:48,21.1,20.8,19.3,13.2,6.9,21.9,21.2,17.2,13.8,9.9,20.6,19.6,17.2,3.1,-5.9,24.4,26.4,22.5,26.7,26.3
2019-01-10--15:02:24,21.1,20.7,19.3,13.2,6.9,21.8,21.2,17.2,13.8,9.9,20.6,19.6,17.2,3.1,-5.9,24.3,26.3,22.4,26.6,26.2
2019-01-10--15:06:00,21.1,20.7,19.3,13.2,6.9,21.8,21.2,17.2,13.8,9.9,20.6,19.6,17.2,3.1,-5.9,24.3,26.3,22.4,26.6,26.2
2019-01-10--15:09:36,21.1,20.7,19.3,13.2,6.9,21.8,21.2,17.2,13.8,9.9,20.6,19.6,17.2,3.1,-5.9,24.3,26.3,22.4,26.6,26.2
2019-01-10--15:13:12,21.1,20.7,19.3,13.2,6.9,21.8,21.2,17.2,13.8,9.9,20.6,19.6,17.2,3.1,-5.9,24.3,26.3,22.4,26.6,26.2
2019-01-10--15:16:48,21.1,20.7,19.3,13.2,6.9,21.8,21.2,17.2,13.8,9.9,20.6,19.6,17.2,3.1,-5.9,24.3,26.3,22.4,26.6,26.2
2019-01-10--15:20:24,21.1,20.7,19.3,13.2,6.9,21.8,21.2,17.2,13.8,9.9,20.6,19.6,17.2,3.1,-5.9,24.3,26.3,22.4,26.6,26.2
2019-01-10--15:24:00,21.1,20.7,19.3,13.2,6.9,21.8,21.2,17.2,13.8,9.9,20.6,19.6,17.2,3.1,-5.9,24.3,26.3,22.4,26.6,26.2
2019-01-10--15:27:36,21.1,20.7,19.3,13.2,6.9,21.8,21.2,17.2,13.8,9.9,20.6,19.6,17.2,3.1,-5.9,24.3,26.3,22.4,26.6,26.2
2019-01-10--15:31:12,21.0,20.7,19.3,13.2,6.9,21.8,21.1,17.2,13.8,9.9,20.5,19.5,17.2,3.1,-5.9,24.3,26.4,22.5,26.5,26.3
2019-01-10--15:34:48,21.0,20.7,19.3,13.2,6.9,21.8,21.1,17.2,13.8,9.9,20.5,19.5,17.2,3.1,-5.9,24.3,26.4,22.5,26.5,26.3
2019-01-10--15:38:24,21.0,20.7,19.3,13.2,6.9,21.8,21.1,17.2,13.8,9.9,20.5,19.5,17.2,3.1,-5.9,24.3,26.4,22.5,26.5,26.3
2019-01-10--15:42:00,21.0,20.7,19.3,13.2,6.9,21.8,21.1,17.2,13.8,9.9,20.5,19.5,17.2,3.1,-5.9,24.3,26.4,22.5,26.5,26.3
2019-01-10--15:45:36,21.0,20.7,19.2,13.2,6.8,21.8,21.1,17.2,13.8,9.9,20.5,19.5,17.2,3.1,-5.9,24.3,26.5,22.5,26.6,26.4
2019-01-10--15:49:12,21.0,20.7,19.2,13.2,6.8,21.8,21.1,17.2,13.8,9.9,20.5,19.5,17.2,3.1,-5.9,24.3,26.5,22.5,26.6,26.4
2019-01-10--15:52:48,21.0,20.7,19.2,13.2,6.8,21.8,21.1,17.2,13.8,9.9,20.5,19.5,17.2,3.1,-5.9,24.3,26.5,22.5,26.6,26.4
2019-01-10--15:56:24,21.0,20.7,19.2,13.2,6.8,21.8,21.1,17.2,13.8,9.9,20.5,19.5,17.2,3.1,-5.9,24.3,26.5,22.5,26.6,26.4
2019-01-10--16:00:00,21.0,20.7,19.2,13.2,6.8,21.8,21.1,17.2,13.8,9.9,20.5,19.5,17.2,3.1,-5.9,24.3,26.5,22.5,26.6,26.4
2019-01-10--16:03:36,21.0,20.7,19.2,13.2,6.8,21.8,21.1,17.2,13.8,9.9,20.5,19.5,17.2,3.1,-5.9,24.4,26.5,22.5,26.6,26.4
2019-01-10--16:07:12,21.0,20.7,19.2,13.2,6.8,21.8,21.1,17.2,13.8,9.9,20.5,19.5,17.2,3.1,-5.9,24.4,26.5,22.5,26.6,26.4
2019-01-10--16:10:48,21.0,20.7,19.2,13.2,6.8,21.8,21.1,17.2,13.8,9.9,20.5,19.5,17.2,3.1,-5.9,24.4,26.5,22.5,26.6,26.4
2019-01-10--16:14:24,21.0,20.7,19.2,13.2,6.8,21.8,21.1,17.2,13.8,9.9,20.5,19.5,17.2,3.1,-5.9,24.4,26.5,22.5,26.6,26.4
2019-01-10--16:18:00,21.0,20.7,19.2,13.2,6.8,21.8,21.1,17.2,13.8,9.9,20.5,19.5,17.2,3.1,-6.0,24.4,26.5,22.6,26.6,26.4
2019-01-10--16:21:36,21.0,20.7,19.2,13.2,6.8,21.8,21.1,17.2,13.8,9.9,20.5,19.5,17.2,3.1,-6.0,24.4,26.5,22.6,26.6,26.4
2019-01-10--16:25:12,21.0,20.7,19.2,13.2,6.8,21.8,21.1,17.2,13.8,9.9,20.5,19.5,17.2,3.1,-6.0,24.4,26.5,22.6,26.6,26.4
2019-01-10--16:28:48,21.0,20.7,19.2,13.2,6.8,21.8,21.1,17.2,13.8,9.9,20.5,19.5,17.2,3.1,-6.0,24.4,26.5,22.6,26.6,26.4
2019-01-10--16:32:24,21.0,20.6,19.2,13.2,6.8,21.8,21.1,17.2,13.8,9.8,20.5,19.5,17.1,3.1,-6.0,24.3,26.4,22.5,26.5,26.3
2019-01-10--16:36:00,21.0,20.6,19.2,13.2,6.8,21.8,21.1,17.2,13.8,9.8,20.5,19.5,17.1,3.1,-6.0,24.3,26.4,22.5,26.5,26.3
2019-01-10--16:39:36,21.0,20.6,19.2,13.2,6.8,21.8,21.1,17.2,13.8,9.8,20.5,19.5,17.1,3.1,-6.0,24.3,26.4,22.5,26.5,26.3
2019-01-10--16:43:12,21.0,20.6,19.2,13.2,6.8,21.8,21.1,17.2,13.8,9.8,20.5,19.5,17.1,3.1,-6.0,24.3,26.4,22.5,26.5,26.3
2019-01-10--16:46:48,21.0,20.6,19.2,13.2,6.8,21.8,21.1,17.2,13.8,9.8,20.5,19.5,17.1,3.1,-6.0,24.2,26.2,22.4,26.4,26.3
2019-01-10--16:50:24,21.0,20.6,19.2,13.2,6.8,21.8,21.1,17.2,13.8,9.8,20.5,19.5,17.1,3.1,-6.0,24.2,26.2,22.4,26.4,26.3
2019-01-10--16:54:00,21.0,20.6,19.2,13.2,6.8,21.8,21.1,17.2,13.8,9.8,20.5,19.5,17.1,3.1,-6.0,24.2,26.2,22.4,26.4,26.3
2019-01-10--16:57:36,21.0,20.6,19.2,13.2,6.8,21.8,21.1,17.2,13.8,9.8,20.5,19.5,17.1,3.1,-6.0,24.2,26.2,22.4,26.4,26.3
2019-01-10--17:01:12,21.0,20.6,19.2,13.2,6.8,21.7,21.1,17.2,13.8,9.8,20.4,19.4,17.1,3.1,-6.0,24.2,26.2,22.4,26.4,26.3
2019-01-10--17:04:48,21.0,20.6,19.2,13.2,6.8,21.7,21.1,17.2,13.8,9.8,20.4,19.4,17.1,3.1,-6.0,24.2,26.2,22.4,26.4,26.3
2019-01-10--17:08:24,21.0,20.6,19.2,13.2,6.8,21.7,21.1,17.2,13.8,9.8,20.4,19.4,17.1,3.1,-6.0,24.2,26.2,22.4,26.4,26.3
2019-01-10--17:12:00,21.0,20.6,19.2,13.2,6.8,21.7,21.1,17.2,13.8,9.8,20.4,19.4,17.1,3.1,-6.0,24.2,26.2,22.4,26.4,26.3
2019-01-10--17:15:36,20.9,20.6,19.2,13.2,6.8,21.7,21.1,17.2,13.8,9.8,20.4,19.4,17.1,3.1,-6.0,24.2,26.2,22.4,26.4,26.3
2019-01-10--17:19:12,20.9,20.6,19.2,13.2,6.8,21.7,21.1,17.2,13.8,9.8,20.4,19.4,17.1,3.1,-6.0,24.2,26.2,22.4,26.4,26.3
2019-01-10--17:22:48,20.9,20.6,19.2,13.2,6.8,21.7,21.1,17.2,13.8,9.8,20.4,19.4,17.1,3.1,-6.0,24.2,26.2,22.4,26.4,26.3
2019-01-10--17:26:24,20.9,20.6,19.2,13.2,6.8,21.7,21.1,17.2,13.8,9.8,20.4,19.4,17.1,3.1,-6.0,24.2,26.2,22.4,26.4,26.3
2019-01-10--17:30:00,20.9,20.6,19.2,13.2,6.8,21.7,21.1,17.2,13.8,9.8,20.4,19.4,17.1,3.1,-6.0,24.2,26.2,22.4,26.4,26.3
2019-01-10--17:33:36,20.9,20.6,19.2,13.2,6.8,21.7,21.1,17.2,13.8,9.8,20.4,19.4,17.1,3.1,-6.0,24.2,26.2,22.4,26.4,26.3
2019-01-10--17:37:12,20.9,20.6,19.2,13.2,6.8,21.7,21.1,17.2,13.8,9.8,20.4,19.4,17.1,3.1,-6.0,24.2,26.2,22.4,26.4,26.3
2019-01-10--17:40:48,20.9,20.6,19.2,13.2,6.8,21.7,21.1,17.2,13.8,9.8,20.4,19.4,17.1,3.1,-6.0,24.2,26.2,22.4,26.4,26.3
2019-01-10--17:44:24,20.9,20.6,19.2,13.2,6.8,21.7,21.1,17.2,13.8,9.8,20.4,19.4,17.1,3.1,-6.0,24.2,26.2,22.4,26.4,26.3
2019-01-10--17:48:00,20.9,20.6,19.2,13.2,6.7,21.7,21.1,17.2,13.8,9.8,20.4,19.4,17.1,3.0,-6.0,24.2,26.2,22.4,26.4,26.3
2019-01-10--17:51:36,20.9,20.6,19.2,13.2,6.7,21.7,21.1,17.2,13.8,9.8,20.4,19.4,17.1,3.0,-6.0,24.2,26.2,22.4,26.4,26.3
2019-01-10--17:55:12,20.9,20.6,19.2,13.2,6.7,21.7,21.1,17.2,13.8,9.8,20.4,19.4,17.1,3.0,-6.0,24.2,26.2,22.4,26.4,26.3
2019-01-10--17:58:48,20.9,20.6,19.2,13.2,6.7,21.7,21.1,17.2,13.8,9.8,20.4,19.4,17.1,3.0,-6.0,24.2,26.2,22.4,26.4,26.3
2019-01-10--18:02:24,20.9,20.5,19.1,13.2,6.7,21.7,21.0,17.2,13.8,9.8,20.4,19.4,17.0,3.0,-6.0,24.2,26.3,22.5,26.4,26.4
2019-01-10--18:06:00,20.9,20.5,19.1,13.2,6.7,21.7,21.0,17.2,13.8,9.8,20.4,19.4,17.0,3.0,-6.0,24.2,26.3,22.5,26.4,26.4
2019-01-10--18:09:36,20.9,20.5,19.1,13.2,6.7,21.7,21.0,17.2,13.8,9.8,20.4,19.4,17.0,3.0,-6.0,24.2,26.3,22.5,26.4,26.4
2019-01-10--18:13:12,20.9,20.5,19.1,13.2,6.7,21.7,21.0,17.2,13.8,9.8,20.4,19.4,17.0,3.0,-6.0,24.2,26.3,22.5,26.4,26.4
2019-01-10--18:16:48,20.9,20.5,19.1,13.2,6.7,21.7,21.0,17.2,13.8,9.8,20.3,19.3,17.0,3.0,-6.0,24.2,26.3,22.4,26.4,26.4
2019-01-10--18:20:24,20.9,20.5,19.1,13.2,6.7,21.7,21.0,17.2,13.8,9.8,20.3,19.3,17.0,3.0,-6.0,24.2,26.3,22.4,26.4,26.4
2019-01-10--18:24:00,20.9,20.5,19.1,13.2,6.7,21.7,21.0,17.2,13.8,9.8,20.3,19.3,17.0,3.0,-6.0,24.2,26.3,22.4,26.4,26.4
2019-01-10--18:27:36,20.9,20.5,19.1,13.2,6.7,21.7,21.0,17.2,13.8,9.8,20.3,19.3,17.0,3.0,-6.0,24.2,26.3,22.4,26.4,26.4
2019-01-10--18:31:12,20.9,20.5,19.1,13.2,6.7,21.6,21.0,17.2,13.8,9.8,20.3,19.3,17.0,3.0,-6.0,24.2,26.2,22.4,26.3,26.3
2019-01-10--18:34:48,20.9,20.5,19.1,13.2,6.7,21.6,21.0,17.2,13.8,9.8,20.3,19.3,17.0,3.0,-6.0,24.2,26.2,22.4,26.3,26.3
2019-01-10--18:38:24,20.9,20.5,19.1,13.2,6.7,21.6,21.0,17.2,13.8,9.8,20.3,19.3,17.0,3.0,-6.0,24.2,26.2,22.4,26.3,26.3
2019-01-10--18:42:00,20.9,20.5,19.1,13.2,6.7,21.6,21.0,17.2,13.8,9.8,20.3,19.3,17.0,3.0,-6.0,24.2,26.2,22.4,26.3,26.3
2019-01-10--18:45:36,20.8,20.5,19.1,13.2,6.7,21.6,21.0,17.2,13.8,9.7,20.3,19.3,17.0,3.0,-6.0,24.1,26.1,22.4,26.3,26.3
2019-01-10--18:49:12,20.8,20.5,19.1,13.2,6.7,21.6,21.0,17.2,13.8,9.7,20.3,19.3,17.0,3.0,-6.0,24.1,26.1,22.4,26.3,26.3
2019-01-10--18:52:48,20.8,20.5,19.1,13.2,6.7,21.6,21.0,17.2,13.8,9.7,20.3,19.3,17.0,3.0,-6.0,24.1,26.1,22.4,26.3,26.3
2019-01-10--18:56:24,20.8,20.5,19.1,13.2,6.7,21.6,21.0,17.2,13.8,9.7,20.3,19.3,17.0,3.0,-6.0,24.1,26.1,22.4,26.3,26.3
2019-01-10--19:00:00,20.8,20.5,19.1,13.2,6.7,21.6,21.0,17.2,13.8,9.7,20.3,19.3,17.0,3.0,-6.0,24.1,26.1,22.4,26.3,26.3
2019-01-10--19:03:36,20.8,20.5,19.1,13.2,6.7,21.6,21.0,17.2,13.7,9.7,20.3,19.3,17.0,3.0,-6.0,24.1,26.2,22.4,26.3,26.3
2019-01-10--19:07:12,20.8,20.5,19.1,13.2,6.7,21.6,21.0,17.2,13.7,9.7,20.3,19.3,17.0,3.0,-6.0,24.1,26.2,22.4,26.3,26.3
2019-01-10--19:10:48,20.8,20.5,19.1,13.2,6.7,21.6,21.0,17.2,13.7,9.7,20.3,19.3,17.0,3.0,-6.0,24.1,26.2,22.4,26.3,26.3
2019-01-10--19:14:24,20.8,20.5,19.1,13.2,6.7,21.6,21.0,17.2,13.7,9.7,20.3,19.3,17.0,3.0,-6.0,24.1,26.2,22.4,26.3,26.3
2019-01-10--19:18:00,20.8,20.5,19.1,13.2,6.7,21.6,21.0,17.2,13.7,9.7,20.3,19.3,17.0,3.0,-6.0,24.1,26.2,22.4,26.3,26.3
2019-01-10--19:21:36,20.8,20.5,19.1,13.2,6.7,21.6,21.0,17.2,13.7,9.7,20.3,19.3,17.0,3.0,-6.0,24.1,26.2,22.4,26.3,26.3
2019-01-10--19:25:12,20.8,20.5,19.1,13.2,6.7,21.6,21.0,17.2,13.7,9.7,20.3,19.3,17.0,3.0,-6.0,24.1,26.2,22.4,26.3,26.3
2019-01-10--19:28:48,20.8,20.5,19.1,13.2,6.7,21.6,21.0,17.2,13.7,9.7,20.3,19.3,17.0,3.0,-6.0,24.1,26.2,22.4,26.3,26.3
2019-01-10--19:32:24,20.8,20.5,19.1,13.1,6.7,21.6,21.0,17.2,13.7,9.7,20.3,19.3,17.0,3.0,-6.0,24.2,26.2,22.4,26.3,26.3
2019-01-10--19:36:00,20.8,20.5,19.1,13.1,6.7,21.6,21.0,17.2,13.7,9.7,20.3,19.3,17.0,3.0,-6.0,24.2,26.2,22.4,26.3,26.3
2019-01-10--19:39:36,20.8,20.5,19.1,13.1,6.7,21.6,21.0,17.2,13.7,9.7,20.3,19.3,17.0,3.0,-6.0,24.2,26.2,22.4,26.3,26.3
2019-01-10--19:43:12,20.8,20.5,19.1,13.1,6.7,21.6,21.0,17.2,13.7,9.7,20.3,19.3,17.0,3.0,-6.0,24.2,26.2,22.4,26.3,26.3
2019-01-10--19:46:48,20.8,20.4,19.1,13.1,6.7,21.6,21.0,17.1,13.7,9.7,20.3,19.3,16.9,3.0,-6.0,24.1,26.1,22.3,26.3,26.3
2019-01-10--19:50:24,20.8,20.4,19.1,13.1,6.7,21.6,21.0,17.1,13.7,9.7,20.3,19.3,16.9,3.0,-6.0,24.1,26.1,22.3,26.3,26.3
2019-01-10--19:54:00,20.8,20.4,19.1,13.1,6.7,21.6,21.0,17.1,13.7,9.7,20.3,19.3,16.9,3.0,-6.0,24.1,26.1,22.3,26.3,26.3
2019-01-10--19:57:36,20.8,20.4,19.1,13.1,6.7,21.6,21.0,17.1,13.7,9.7,20.3,19.3,16.9,3.0,-6.0,24.1,26.1,22.3,26.3,26.3
2019-01-10--20:01:12,20.8,20.4,19.0,13.1,6.6,21.6,21.0,17.1,13.7,9.7,20.2,19.2,16.9,3.0,-6.0,24.0,25.9,22.3,26.2,26.2
2019-01-10--20:04:48,20.8,20.4,19.0,13.1,6.6,21.6,21.0,17.1,13.7,9.7,20.2,19.2,16.9,3.0,-6.0,24.0,25.9,22.3,26.2,26.2
2019-01-10--20:08:24,20.8,20.4,19.0,13.1,6.6,21.6,21.0,17.1,13.7,9.7,20.2,19.2,16.9,3.0,-6.0,24.0,25.9,22.3,26.2,26.2
2019-01-10--20:12:00,20.8,20.4,19.0,13.1,6.6,21.6,21.0,17.1,13.7,9.7,20.2,19.2,16.9,3.0,-6.0,24.0,25.9,22.3,26.2,26.2
2019-01-10--20:15:36,20.7,20.4,19.0,13.1,6.6,21.6,20.9,17.1,13.7,9.7,20.2,19.2,16.9,3.0,-6.0,23.9,25.8,22.2,26.1,26.2
2019-01-10--20:19:12,20.7,20.4,19.0,13.1,6.6,21.6,20.9,17.1,13.7,9.7,20.2,19.2,16.9,3.0,-6.0,23.9,25.8,22.2,26.1,26.2
2019-01-10--20:22:48,20.7,20.4,19.0,13.1,6.6,21.6,20.9,17.1,13.7,9.7,20.2,19.2,16.9,3.0,-6.0,23.9,25.8,22.2,26.1,26.2
2019-01-10--20:26:24,20.7,20.4,19.0,13.1,6.6,21.6,20.9,17.1,13.7,9.7,20.2,19.2,16.9,3.0,-6.0,23.9,25.8,22.2,26.1,26.2
2019-01-10--20:30:00,20.7,20.4,19.0,13.1,6.6,21.6,20.9,17.1,13.7,9.7,20.2,19.2,16.9,3.0,-6.0,23.9,25.8,22.2,26.1,26.2
2019-01-10--20:33:36,20.7,20.4,19.0,13.1,6.6,21.5,20.9,17.1,13.7,9.7,20.2,19.2,16.9,3.0,-6.0,23.9,25.8,22.2,26.1,26.1
2019-01-10--20:37:12,20.7,20.4,19.0,13.1,6.6,21.5,20.9,17.1,13.7,9.7,20.2,19.2,16.9,3.0,-6.0,23.9,25.8,22.2,26.1,26.1
2019-01-10--20:40:48,20.7,20.4,19.0,13.1,6.6,21.5,20.9,17.1,13.7,9.7,20.2,19.2,16.9,3.0,-6.0,23.9,25.8,22.2,26.1,26.1
2019-01-10--20:44:24,20.7,20.4,19.0,13.1,6.6,21.5,20.9,17.1,13.7,9.7,20.2,19.2,16.9,3.0,-6.0,23.9,25.8,22.2,26.1,26.1
2019-01-10--20:48:00,20.7,20.3,19.0,13.1,6.6,21.5,20.9,17.1,13.7,9.6,20.2,19.2,16.9,2.9,-6.0,23.9,25.9,22.2,26.2,26.2
2019-01-10--20:51:36,20.7,20.3,19.0,13.1,6.6,21.5,20.9,17.1,13.7,9.6,20.2,19.2,16.9,2.9,-6.0,23.9,25.9,22.2,26.2,26.2
2019-01-10--20:55:12,20.7,20.3,19.0,13.1,6.6,21.5,20.9,17.1,13.7,9.6,20.2,19.2,16.9,2.9,-6.0,23.9,25.9,22.2,26.2,26.2
2019-01-10--20:58:48,20.7,20.3,19.0,13.1,6.6,21.5,20.9,17.1,13.7,9.6,20.2,19.2,16.9,2.9,-6.0,23.9,25.9,22.2,26.2,26.2
2019-01-10--21:02:24,20.7,20.3,19.0,13.1,6.6,21.5,20.9,17.1,13.7,9.6,20.2,19.2,16.9,2.9,-6.1,24.0,26.0,22.3,26.2,26.2
2019-01-10--21:06:00,20.7,20.3,19.0,13.1,6.6,21.5,20.9,17.1,13.7,9.6,20.2,19.2,16.9,2.9,-6.1,24.0,26.0,22.3,26.2,26.2
2019-01-10--21:09:36,20.7,20.3,19.0,13.1,6.6,21.5,20.9,17.1,13.7,9.6,20.2,19.2,16.9,2.9,-6.1,24.0,26.0,22.3,26.2,26.2
2019-01-10--21:13:12,20.7,20.3,19.0,13.1,6.6,21.5,20.9,17.1,13.7,9.6,20.2,19.2,16.9,2.9,-6.1,24.0,26.0,22.3,26.2,26.2
2019-01-10--21:16:48,20.7,20.3,18.9,13.1,6.6,21.5,20.9,17.1,13.7,9.6,20.2,19.2,16.9,2.9,-6.1,24.0,26.0,22.3,26.2,26.2
2019-01-10--21:20:24,20.7,20.3,18.9,13.1,6.6,21.5,20.9,17.1,13.7,9.6,20.2,19.2,16.9,2.9,-6.1,24.0,26.0,22.3,26.2,26.2
2019-01-10--21:24:00,20.7,20.3,18.9,13.1,6.6,21.5,20.9,17.1,13.7,9.6,20.2,19.2,16.9,2.9,-6.1,24.0,26.0,22.3,26.2,26.2
2019-01-10--21:27:36,20.7,20.3,18.9,13.1,6.6,21.5,20.9,17.1,13.7,9.6,20.2,19.2,16.9,2.9,-6.1,24.0,26.0,22.3,26.2,26.2
2019-01-10--21:31:12,20.7,20.3,18.9,13.1,6.6,21.5,20.9,17.1,13.6,9.6,20.2,19.2,16.8,2.9,-6.1,24.0,26.1,22.4,26.2,26.3
2019-01-10--21:34:48,20.7,20.3,18.9,13.1,6.6,21.5,20.9,17.1,13.6,9.6,20.2,19.2,16.8,2.9,-6.1,24.0,26.1,22.4,26.2,26.3
2019-01-10--21:38:24,20.7,20.3,18.9,13.1,6.6,21.5,20.9,17.1,13.6,9.6,20.2,19.2,16.8,2.9,-6.1,24.0,26.1,22.4,26.2,26.3
2019-01-10--21:42:00,20.7,20.3,18.9,13.1,6.6,21.5,20.9,17.1,13.6,9.6,20.2,19.2,16.8,2.9,-6.1,24.0,26.1,22.4,26.2,26.3
2019-01-10--21:45:36,20.7,20.3,18.9,13.1,6.6,21.5,20.9,17.1,13.6,9.6,20.2,19.2,16.8,2.9,-6.1,24.0,26.1,22.4,26.2,26.3
2019-01-10--21:49:12,20.6,20.3,18.9,13.0,6.5,21.5,20.9,17.1,13.6,9.6,20.2,19.2,16.8,2.9,-6.1,24.1,26.1,22.3,26.2,26.3
2019-01-10--21:52:48,20.6,20.3,18.9,13.0,6.5,21.5,20.9,17.1,13.6,9.6,20.2,19.2,16.8,2.9,-6.1,24.1,26.1,22.3,26.2,26.3
2019-01-10--21:56:24,20.6,20.3,18.9,13.0,6.5,21.5,20.9,17.1,13.6,9.6,20.2,19.2,16.8,2.9,-6.1,24.1,26.1,22.3,26.2,26.3
2019-01-10--22:00:00,20.6,20.3,18.9,13.0,6.5,21.5,20.9,17.1,13.6,9.6,20.2,19.2,16.8,2.9,-6.1,24.1,26.1,22.3,26.2,26.3
2019-01-10--22:03:36,20.6,20.3,18.9,13.0,6.5,21.5,20.9,17.1,13.6,9.6,20.1,19.1,16.8,2.9,-6.1,24.1,26.1,22.3,26.2,26.3
2019-01-10--22:07:12,20.6,20.3,18.9,13.0,6.5,21.5,20.9,17.1,13.6,9.6,20.1,19.1,16.8,2.9,-6.1,24.1,26.1,22.3,26.2,26.3
2019-01-10--22:10:48,20.6,20.3,18.9,13.0,6.5,21.5,20.9,17.1,13.6,9.6,20.1,19.1,16.8,2.9,-6.1,24.1,26.1,22.3,26.2,26.3
2019-01-10--22:14:24,20.6,20.3,18.9,13.0,6.5,21.5,20.9,17.1,13.6,9.6,20.1,19.1,16.8,2.9,-6.1,24.1,26.1,22.3,26.2,26.3
2019-01-10--22:18:00,20.6,20.3,18.9,13.0,6.5,21.5,20.9,17.1,13.6,9.6,20.1,19.1,16.8,2.9,-6.1,24.1,26.1,22.4,26.2,26.3
2019-01-10--22:21:36,20.6,20.3,18.9,13.0,6.5,21.5,20.9,17.1,13.6,9.6,20.1,19.1,16.8,2.9,-6.1,24.1,26.1,22.4,26.2,26.3
2019-01-10--22:25:12,20.6,20.3,18.9,13.0,6.5,21.5,20.9,17.1,13.6,9.6,20.1,19.1,16.8,2.9,-6.1,24.1,26.1,22.4,26.2,26.3
2019-01-10--22:28:48,20.6,20.3,18.9,13.0,6.5,21.5,20.9,17.1,13.6,9.6,20.1,19.1,16.8,2.9,-6.1,24.1,26.1,22.4,26.2,26.3
2019-01-10--22:32:24,20.6,20.3,18.9,13.0,6.5,21.5,20.9,17.0,13.6,9.6,20.1,19.1,16.8,2.9,-6.1,24.1,26.2,22.4,26.2,26.4
2019-01-10--22:36:00,20.6,20.3,18.9,13.0,6.5,21.5,20.9,17.0,13.6,9.6,20.1,19.1,16.8,2.9,-6.1,24.1,26.2,22.4,26.2,26.4
2019-01-10--22:39:36,20.6,20.3,18.9,13.0,6.5,21.5,20.9,17.0,13.6,9.6,20.1,19.1,16.8,2.9,-6.1,24.1,26.2,22.4,26.2,26.4
2019-01-10--22:43:12,20.6,20.3,18.9,13.0,6.5,21.5,20.9,17.0,13.6,9.6,20.1,19.1,16.8,2.9,-6.1,24.1,26.2,22.4,26.2,26.4
2019-01-10--22:46:48,20.6,20.3,18.9,13.0,6.5,21.5,20.9,17.0,13.6,9.6,20.1,19.1,16.8,2.9,-6.1,24.1,26.2,22.4,26.3,26.3
2019-01-10--22:50:24,20.6,20.3,18.9,13.0,6.5,21.5,20.9,17.0,13.6,9.6,20.1,19.1,16.8,2.9,-6.1,24.1,26.2,22.4,26.3,26.3
2019-01-10--22:54:00,20.6,20.3,18.9,13.0,6.5,21.5,20.9,17.0,13.6,9.6,20.1,19.1,16.8,2.9,-6.1,24.1,26.2,22.4,26.3,26.3
2019-01-10--22:57:36,20.6,20.3,18.9,13.0,6.5,21.5,20.9,17.0,13.6,9.6,20.1,19.1,16.8,2.9,-6.1,24.1,26.2,22.4,26.3,26.3
2019-01-10--23:01:12,20.6,20.3,18.9,13.0,6.5,21.5,20.9,17.0,13.6,9.5,20.1,19.1,16.8,2.8,-6.1,24.1,26.1,22.3,26.2,26.3
2019-01-10--23:04:48,20.6,20.3,18.9,13.0,6.5,21.5,20.9,17.0,13.6,9.5,20.1,19.1,16.8,2.8,-6.1,24.1,26.1,22.3,26.2,26.3
2019-01-10--23:08:24,20.6,20.3,18.9,13.0,6.5,21.5,20.9,17.0,13.6,9.5,20.1,19.1,16.8,2.8,-6.1,24.1,26.1,22.3,26.2,26.3
2019-01-10--23:12:00,20.6,20.3,18.9,13.0,6.5,21.5,20.9,17.0,13.6,9.5,20.1,19.1,16.8,2.8,-6.1,24.1,26.1,22.3,26.2,26.3
2019-01-10--23:15:36,20.6,20.3,18.9,13.0,6.5,21.5,20.9,17.0,13.6,9.5,20.1,19.1,16.8,2.8,-6.1,24.0,26.0,22.3,26.2,26.3
2019-01-10--23:19:12,20.6,20.3,18.9,13.0,6.5,21.5,20.9,17.0,13.6,9.5,20.1,19.1,16.8,2.8,-6.1,24.0,26.0,22.3,26.2,26.3
2019-01-10--23:22:48,20.6,20.3,18.9,13.0,6.5,21.5,20.9,17.0,13.6,9.5,20.1,19.1,16.8,2.8,-6.1,24.0,26.0,22.3,26.2,26.3
2019-01-10--23:26:24,20.6,20.3,18.9,13.0,6.5,21.5,20.9,17.0,13.6,9.5,20.1,19.1,16.8,2.8,-6.1,24.0,26.0,22.3,26.2,26.3
2019-01-10--23:30:00,20.6,20.3,18.9,13.0,6.5,21.5,20.9,17.0,13.6,9.5,20.1,19.1,16.8,2.8,-6.1,24.0,26.0,22.3,26.2,26.3
2019-01-10--23:33:36,20.6,20.3,18.8,13.0,6.5,21.5,20.8,17.0,13.6,9.5,20.1,19.1,16.7,2.8,-6.2,24.0,26.0,22.3,26.1,26.3
2019-01-10--23:37:12,20.6,20.3,18.8,13.0,6.5,21.5,20.8,17.0,13.6,9.5,20.1,19.1,16.7,2.8,-6.2,24.0,26.0,22.3,26.1,26.3
2019-01-10--23:40:48,20.6,20.3,18.8,13.0,6.5,21.5,20.8,17.0,13.6,9.5,20.1,19.1,16.7,2.8,-6.2,24.0,26.0,22.3,26.1,26.3
2019-01-10--23:44:24,20.6,20.3,18.8,13.0,6.5,21.5,20.8,17.0,13.6,9.5,20.1,19.1,16.7,2.8,-6.2,24.0,26.0,22.3,26.1,26.3
2019-01-10--23:48:00,20.6,20.3,18.8,12.9,6.5,21.5,20.8,17.0,13.6,9.5,20.1,19.1,16.7,2.8,-6.2,24.1,26.1,22.3,26.1,26.3
2019-01-10--23:51:36,20.6,20.3,18.8,12.9,6.5,21.5,20.8,17.0,13.6,9.5,20.1,19.1,16.7,2.8,-6.2,24.1,26.1,22.3,26.1,26.3
2019-01-10--23:55:12,20.6,20.3,18.8,12.9,6.5,21.5,20.8,17.0,13.6,9.5,20.1,19.1,16.7,2.8,-6.2,24.1,26.1,22.3,26.1,26.3
2019-01-10--23:58:48,20.6,20.3,18.8,12.9,6.5,21.5,20.8,17.0,13.6,9.5,20.1,19.1,16.7,2.8,-6.2,24.1,26.1,22.3,26.1,26.3
2019-01-11--00:02:24,20.6,20.2,18.8,12.9,6.4,21.5,20.8,17.0,13.5,9.5,20.1,19.0,16.7,2.8,-6.2,24.0,26.0,22.3,26.2,26.3
2019-01-11--00:06:00,20.6,20.2,18.8,12.9,6.4,21.5,20.8,17.0,13.5,9.5,20.1,19.0,16.7,2.8,-6.2,24.0,26.0,22.3,26.2,26.3
2019-01-11--00:09:36,20.6,20.2,18.8,12.9,6.4,21.5,20.8,17.0,13.5,9.5,20.1,19.0,16.7,2.8,-6.2,24.0,26.0,22.3,26.2,26.3
2019-01-11--00:13:12,20.6,20.2,18.8,12.9,6.4,21.5,20.8,17.0,13.5,9.5,20.1,19.0,16.7,2.8,-6.2,24.0,26.0,22.3,26.2,26.3
2019-01-11--00:16:48,20.6,20.2,18.8,12.9,6.4,21.4,20.8,17.0,13.5,9.5,20.1,19.0,16.7,2.8,-6.2,24.0,26.0,22.3,26.2,26.3
2019-01-11--00:20:24,20.6,20.2,18.8,12.9,6.4,21.4,20.8,17.0,13.5,9.5,20.1,19.0,16.7,2.8,-6.2,24.0,26.0,22.3,26.2,26.3
2019-01-11--00:24:00,20.6,20.2,18.8,12.9,6.4,21.4,20.8,17.0,13.5,9.5,20.1,19.0,16.7,2.8,-6.2,24.0,26.0,22.3,26.2,26.3
2019-01-11--00:27:36,20.6,20.2,18.8,12.9,6.4,21.4,20.8,17.0,13.5,9.5,20.1,19.0,16.7,2.8,-6.2,24.0,26.0,22.3,26.2,26.3
2019-01-11--00:31:12,20.6,20.2,18.8,12.9,6.4,21.4,20.8,17.0,13.5,9.5,20.0,19.0,16.7,2.8,-6.3,24.1,26.1,22.3,26.2,26.3
2019-01-11--00:34:48,20.6,20.2,18.8,12.9,6.4,21.4,20.8,17.0,13.5,9.5,20.0,19.0,16.7,2.8,-6.3,24.1,26.1,22.3,26.2,26.3
2019-01-11--00:38:24,20.6,20.2,18.8,12.9,6.4,21.4,20.8,17.0,13.5,9.5,20.0,19.0,16.7,2.8,-6.3,24.1,26.1,22.3,26.2,26.3
2019-01-11--00:42:00,20.6,20.2,18.8,12.9,6.4,21.4,20.8,17.0,13.5,9.5,20.0,19.0,16.7,2.8,-6.3,24.1,26.1,22.3,26.2,26.3
2019-01-11--00:45:36,20.6,20.2,18.8,12.9,6.4,21.4,20.8,17.0,13.5,9.5,20.0,19.0,16.7,2.7,-6.3,24.1,26.1,22.3,26.2,26.3
2019-01-11--00:49:12,20.6,20.2,18.8,12.9,6.4,21.4,20.8,17.0,13.5,9.5,20.0,19.0,16.7,2.7,-6.3,24.1,26.1,22.3,26.2,26.3
2019-01-11--00:52:48,20.6,20.2,18.8,12.9,6.4,21.4,20.8,17.0,13.5,9.5,20.0,19.0,16.7,2.7,-6.3,24.1,26.1,22.3,26.2,26.3
2019-01-11--00:56:24,20.6,20.2,18.8,12.9,6.4,21.4,20.8,17.0,13.5,9.5,20.0,19.0,16.7,2.7,-6.3,24.1,26.1,22.3,26.2,26.3
2019-01-11--01:00:00,20.6,20.2,18.8,12.9,6.4,21.4,20.8,17.0,13.5,9.5,20.0,19.0,16.7,2.7,-6.3,24.1,26.1,22.3,26.2,26.3
2019-01-11--01:03:36,20.6,20.2,18.8,12.9,6.4,21.4,20.8,17.0,13.5,9.5,20.0,19.0,16.7,2.7,-6.3,24.1,26.1,22.3,26.2,26.3
